email,userId,token
test1@test.com,3,eyJ0eXAiOiJKV1QiLCJhbGciOiJIUzI1NiJ9.eyJpc3MiOiJhanVmcmVzaEBnbWFpbC5jb20iLCJpYXQiOjE3NzU2MjcxNzQsImV4cCI6MTc3NTYzNDM3NCwic3ViIjoidGVzdDFAdGVzdC5jb20iLCJpZCI6Mywicm9sZSI6IlVTRVIifQ.RXS3Lg3Wx37VQQb6_M6hk6wvV2CKMUaC5OhBK2XH8Ss
test2@test.com,4,eyJ0eXAiOiJKV1QiLCJhbGciOiJIUzI1NiJ9.eyJpc3MiOiJhanVmcmVzaEBnbWFpbC5jb20iLCJpYXQiOjE3NzU2MjcxNzQsImV4cCI6MTc3NTYzNDM3NCwic3ViIjoidGVzdDJAdGVzdC5jb20iLCJpZCI6NCwicm9sZSI6IlVTRVIifQ.a5BGpBypruofU-vLNbL9BVdQ1qvtUp5DktjFK8bUuq4
test3@test.com,5,eyJ0eXAiOiJKV1QiLCJhbGciOiJIUzI1NiJ9.eyJpc3MiOiJhanVmcmVzaEBnbWFpbC5jb20iLCJpYXQiOjE3NzU2MjcxNzQsImV4cCI6MTc3NTYzNDM3NCwic3ViIjoidGVzdDNAdGVzdC5jb20iLCJpZCI6NSwicm9sZSI6IlVTRVIifQ.cpHApDBhcCXf89Qx0TnUFo2QUKBT2KbzUEXZCtlhuu8
test4@test.com,6,eyJ0eXAiOiJKV1QiLCJhbGciOiJIUzI1NiJ9.eyJpc3MiOiJhanVmcmVzaEBnbWFpbC5jb20iLCJpYXQiOjE3NzU2MjcxNzQsImV4cCI6MTc3NTYzNDM3NCwic3ViIjoidGVzdDRAdGVzdC5jb20iLCJpZCI6Niwicm9sZSI6IlVTRVIifQ.0SNijstYYByc_THbeemdTsTmxE89nm03JCnsiInsbww
test5@test.com,7,eyJ0eXAiOiJKV1QiLCJhbGciOiJIUzI1NiJ9.eyJpc3MiOiJhanVmcmVzaEBnbWFpbC5jb20iLCJpYXQiOjE3NzU2MjcxNzQsImV4cCI6MTc3NTYzNDM3NCwic3ViIjoidGVzdDVAdGVzdC5jb20iLCJpZCI6Nywicm9sZSI6IlVTRVIifQ.9f1-QmMSFJ4EOlXuw2pKYSoj07AUDVVbDcOxfk7ZDKI
test6@test.com,8,eyJ0eXAiOiJKV1QiLCJhbGciOiJIUzI1NiJ9.eyJpc3MiOiJhanVmcmVzaEBnbWFpbC5jb20iLCJpYXQiOjE3NzU2MjcxNzQsImV4cCI6MTc3NTYzNDM3NCwic3ViIjoidGVzdDZAdGVzdC5jb20iLCJpZCI6OCwicm9sZSI6IlVTRVIifQ.jxaDB-h3mayJaCt64IFbmA-f7lYvhmf7x395NnO5W8E
test7@test.com,9,eyJ0eXAiOiJKV1QiLCJhbGciOiJIUzI1NiJ9.eyJpc3MiOiJhanVmcmVzaEBnbWFpbC5jb20iLCJpYXQiOjE3NzU2MjcxNzQsImV4cCI6MTc3NTYzNDM3NCwic3ViIjoidGVzdDdAdGVzdC5jb20iLCJpZCI6OSwicm9sZSI6IlVTRVIifQ.bcCOrjeyqIhwAR22luj1ln3X4Qe6mwvgJJgiqPq0qhg
test8@test.com,10,eyJ0eXAiOiJKV1QiLCJhbGciOiJIUzI1NiJ9.eyJpc3MiOiJhanVmcmVzaEBnbWFpbC5jb20iLCJpYXQiOjE3NzU2MjcxNzQsImV4cCI6MTc3NTYzNDM3NCwic3ViIjoidGVzdDhAdGVzdC5jb20iLCJpZCI6MTAsInJvbGUiOiJVU0VSIn0.TR0UcIjmkwstsP_hY-K6arPxozDClHoQowFUZQM6HOI
test9@test.com,11,eyJ0eXAiOiJKV1QiLCJhbGciOiJIUzI1NiJ9.eyJpc3MiOiJhanVmcmVzaEBnbWFpbC5jb20iLCJpYXQiOjE3NzU2MjcxNzQsImV4cCI6MTc3NTYzNDM3NCwic3ViIjoidGVzdDlAdGVzdC5jb20iLCJpZCI6MTEsInJvbGUiOiJVU0VSIn0.rnDKWIfuJR5Hyh2kYZ-047NvLfLHieIHbAh269pQEVo
test10@test.com,12,eyJ0eXAiOiJKV1QiLCJhbGciOiJIUzI1NiJ9.eyJpc3MiOiJhanVmcmVzaEBnbWFpbC5jb20iLCJpYXQiOjE3NzU2MjcxNzQsImV4cCI6MTc3NTYzNDM3NCwic3ViIjoidGVzdDEwQHRlc3QuY29tIiwiaWQiOjEyLCJyb2xlIjoiVVNFUiJ9.2m3KYBeQMtVUCLXyz6VpOBBELkvM_nPx_srqGSncbFs
test11@test.com,13,eyJ0eXAiOiJKV1QiLCJhbGciOiJIUzI1NiJ9.eyJpc3MiOiJhanVmcmVzaEBnbWFpbC5jb20iLCJpYXQiOjE3NzU2MjcxNzQsImV4cCI6MTc3NTYzNDM3NCwic3ViIjoidGVzdDExQHRlc3QuY29tIiwiaWQiOjEzLCJyb2xlIjoiVVNFUiJ9.deAiQWZRi1NP4gAM9IaUmoRvQl779ouw7j-UWy2dy9I
test12@test.com,14,eyJ0eXAiOiJKV1QiLCJhbGciOiJIUzI1NiJ9.eyJpc3MiOiJhanVmcmVzaEBnbWFpbC5jb20iLCJpYXQiOjE3NzU2MjcxNzQsImV4cCI6MTc3NTYzNDM3NCwic3ViIjoidGVzdDEyQHRlc3QuY29tIiwiaWQiOjE0LCJyb2xlIjoiVVNFUiJ9.8RZquREheCxCR-6nrDC2J0__piYA5TeUXaqryllXhUU
test13@test.com,15,eyJ0eXAiOiJKV1QiLCJhbGciOiJIUzI1NiJ9.eyJpc3MiOiJhanVmcmVzaEBnbWFpbC5jb20iLCJpYXQiOjE3NzU2MjcxNzQsImV4cCI6MTc3NTYzNDM3NCwic3ViIjoidGVzdDEzQHRlc3QuY29tIiwiaWQiOjE1LCJyb2xlIjoiVVNFUiJ9.iBtjXd0w1tBLftVgULwwXJM0GC_mfK8JUB7oiHhCf98
test14@test.com,16,eyJ0eXAiOiJKV1QiLCJhbGciOiJIUzI1NiJ9.eyJpc3MiOiJhanVmcmVzaEBnbWFpbC5jb20iLCJpYXQiOjE3NzU2MjcxNzQsImV4cCI6MTc3NTYzNDM3NCwic3ViIjoidGVzdDE0QHRlc3QuY29tIiwiaWQiOjE2LCJyb2xlIjoiVVNFUiJ9.c8dz544ecYkbiAnHPc-IE7Vdfb3WaEedIQj3upIkfAA
test15@test.com,17,eyJ0eXAiOiJKV1QiLCJhbGciOiJIUzI1NiJ9.eyJpc3MiOiJhanVmcmVzaEBnbWFpbC5jb20iLCJpYXQiOjE3NzU2MjcxNzQsImV4cCI6MTc3NTYzNDM3NCwic3ViIjoidGVzdDE1QHRlc3QuY29tIiwiaWQiOjE3LCJyb2xlIjoiVVNFUiJ9.vOWE0Vpk6YdSnwDT8xEkd8rb71482W5FRk_H8M4VtAM
test16@test.com,18,eyJ0eXAiOiJKV1QiLCJhbGciOiJIUzI1NiJ9.eyJpc3MiOiJhanVmcmVzaEBnbWFpbC5jb20iLCJpYXQiOjE3NzU2MjcxNzQsImV4cCI6MTc3NTYzNDM3NCwic3ViIjoidGVzdDE2QHRlc3QuY29tIiwiaWQiOjE4LCJyb2xlIjoiVVNFUiJ9.btga38ulWcEdXGO8lIugi3aD5AN0Tsh2t3YZoxudoYI
test17@test.com,19,eyJ0eXAiOiJKV1QiLCJhbGciOiJIUzI1NiJ9.eyJpc3MiOiJhanVmcmVzaEBnbWFpbC5jb20iLCJpYXQiOjE3NzU2MjcxNzQsImV4cCI6MTc3NTYzNDM3NCwic3ViIjoidGVzdDE3QHRlc3QuY29tIiwiaWQiOjE5LCJyb2xlIjoiVVNFUiJ9.tVV-2yYxcv-sCFHbk3s-Vwm148swooMBaEW7702l-wc
test18@test.com,20,eyJ0eXAiOiJKV1QiLCJhbGciOiJIUzI1NiJ9.eyJpc3MiOiJhanVmcmVzaEBnbWFpbC5jb20iLCJpYXQiOjE3NzU2MjcxNzQsImV4cCI6MTc3NTYzNDM3NCwic3ViIjoidGVzdDE4QHRlc3QuY29tIiwiaWQiOjIwLCJyb2xlIjoiVVNFUiJ9.atm41qbmGQvk72m-qhaju69hobTEMX9d06xRJPa7gfo
test19@test.com,21,eyJ0eXAiOiJKV1QiLCJhbGciOiJIUzI1NiJ9.eyJpc3MiOiJhanVmcmVzaEBnbWFpbC5jb20iLCJpYXQiOjE3NzU2MjcxNzQsImV4cCI6MTc3NTYzNDM3NCwic3ViIjoidGVzdDE5QHRlc3QuY29tIiwiaWQiOjIxLCJyb2xlIjoiVVNFUiJ9.Gjj_y13rxonGoZapD1z1ryNZrDTpbgIxbM98bw-ZBpA
test20@test.com,22,eyJ0eXAiOiJKV1QiLCJhbGciOiJIUzI1NiJ9.eyJpc3MiOiJhanVmcmVzaEBnbWFpbC5jb20iLCJpYXQiOjE3NzU2MjcxNzQsImV4cCI6MTc3NTYzNDM3NCwic3ViIjoidGVzdDIwQHRlc3QuY29tIiwiaWQiOjIyLCJyb2xlIjoiVVNFUiJ9.FTEGCXxwT9uf6sAOJX-530jZM5WJwENf1892ITj_y7I
test21@test.com,23,eyJ0eXAiOiJKV1QiLCJhbGciOiJIUzI1NiJ9.eyJpc3MiOiJhanVmcmVzaEBnbWFpbC5jb20iLCJpYXQiOjE3NzU2MjcxNzQsImV4cCI6MTc3NTYzNDM3NCwic3ViIjoidGVzdDIxQHRlc3QuY29tIiwiaWQiOjIzLCJyb2xlIjoiVVNFUiJ9.bPXAvHa-U4uLmXQlL12_rYQjvHfu6CN8S-27GHwmSgY
test22@test.com,24,eyJ0eXAiOiJKV1QiLCJhbGciOiJIUzI1NiJ9.eyJpc3MiOiJhanVmcmVzaEBnbWFpbC5jb20iLCJpYXQiOjE3NzU2MjcxNzQsImV4cCI6MTc3NTYzNDM3NCwic3ViIjoidGVzdDIyQHRlc3QuY29tIiwiaWQiOjI0LCJyb2xlIjoiVVNFUiJ9.hmo8zHow9c6YnsPmmIJ58A_E_TB_xT_paqO2TIIwJyM
test23@test.com,25,eyJ0eXAiOiJKV1QiLCJhbGciOiJIUzI1NiJ9.eyJpc3MiOiJhanVmcmVzaEBnbWFpbC5jb20iLCJpYXQiOjE3NzU2MjcxNzQsImV4cCI6MTc3NTYzNDM3NCwic3ViIjoidGVzdDIzQHRlc3QuY29tIiwiaWQiOjI1LCJyb2xlIjoiVVNFUiJ9.MXI8-n9vbS-c7ddcRD0oK5TZpFHShcVD5qvyr1tOoL0
test24@test.com,26,eyJ0eXAiOiJKV1QiLCJhbGciOiJIUzI1NiJ9.eyJpc3MiOiJhanVmcmVzaEBnbWFpbC5jb20iLCJpYXQiOjE3NzU2MjcxNzQsImV4cCI6MTc3NTYzNDM3NCwic3ViIjoidGVzdDI0QHRlc3QuY29tIiwiaWQiOjI2LCJyb2xlIjoiVVNFUiJ9.EOyksU7uXAaV4niH9u-rMhMnW1rnT6AapiYeLnA6dBU
test25@test.com,27,eyJ0eXAiOiJKV1QiLCJhbGciOiJIUzI1NiJ9.eyJpc3MiOiJhanVmcmVzaEBnbWFpbC5jb20iLCJpYXQiOjE3NzU2MjcxNzQsImV4cCI6MTc3NTYzNDM3NCwic3ViIjoidGVzdDI1QHRlc3QuY29tIiwiaWQiOjI3LCJyb2xlIjoiVVNFUiJ9.CMD83J3jQIGRO4TTdvLbwU8eBAgWNriw_DQ3Z833bRA
test26@test.com,28,eyJ0eXAiOiJKV1QiLCJhbGciOiJIUzI1NiJ9.eyJpc3MiOiJhanVmcmVzaEBnbWFpbC5jb20iLCJpYXQiOjE3NzU2MjcxNzQsImV4cCI6MTc3NTYzNDM3NCwic3ViIjoidGVzdDI2QHRlc3QuY29tIiwiaWQiOjI4LCJyb2xlIjoiVVNFUiJ9.MTHXa6aO9MAhEe6SZpJjUQhZEtszuz5NljXdlGv4E9s
test27@test.com,29,eyJ0eXAiOiJKV1QiLCJhbGciOiJIUzI1NiJ9.eyJpc3MiOiJhanVmcmVzaEBnbWFpbC5jb20iLCJpYXQiOjE3NzU2MjcxNzQsImV4cCI6MTc3NTYzNDM3NCwic3ViIjoidGVzdDI3QHRlc3QuY29tIiwiaWQiOjI5LCJyb2xlIjoiVVNFUiJ9.hCFwKEybZw-PRr7P_JFWptD5b8jxCx7QKGDsJGd1vVo
test28@test.com,30,eyJ0eXAiOiJKV1QiLCJhbGciOiJIUzI1NiJ9.eyJpc3MiOiJhanVmcmVzaEBnbWFpbC5jb20iLCJpYXQiOjE3NzU2MjcxNzQsImV4cCI6MTc3NTYzNDM3NCwic3ViIjoidGVzdDI4QHRlc3QuY29tIiwiaWQiOjMwLCJyb2xlIjoiVVNFUiJ9.9CZAk44ScF9y3OIX88ol9-lAobeDB2augb_y9Vbop6o
test29@test.com,31,eyJ0eXAiOiJKV1QiLCJhbGciOiJIUzI1NiJ9.eyJpc3MiOiJhanVmcmVzaEBnbWFpbC5jb20iLCJpYXQiOjE3NzU2MjcxNzQsImV4cCI6MTc3NTYzNDM3NCwic3ViIjoidGVzdDI5QHRlc3QuY29tIiwiaWQiOjMxLCJyb2xlIjoiVVNFUiJ9.CLvGtVs3X6RpqTk2NyVjasO2KKOsNjx1PP13-E3ZTYk
test30@test.com,32,eyJ0eXAiOiJKV1QiLCJhbGciOiJIUzI1NiJ9.eyJpc3MiOiJhanVmcmVzaEBnbWFpbC5jb20iLCJpYXQiOjE3NzU2MjcxNzQsImV4cCI6MTc3NTYzNDM3NCwic3ViIjoidGVzdDMwQHRlc3QuY29tIiwiaWQiOjMyLCJyb2xlIjoiVVNFUiJ9.kMGB4Iqv8sNA7fhu1eLrxof_9DFJgcPyJ8ZOmPX3sQA
test31@test.com,33,eyJ0eXAiOiJKV1QiLCJhbGciOiJIUzI1NiJ9.eyJpc3MiOiJhanVmcmVzaEBnbWFpbC5jb20iLCJpYXQiOjE3NzU2MjcxNzQsImV4cCI6MTc3NTYzNDM3NCwic3ViIjoidGVzdDMxQHRlc3QuY29tIiwiaWQiOjMzLCJyb2xlIjoiVVNFUiJ9.H7CPqhCzrIhfn1SCp7LD_uIMnaYWrzXlJD-fFZILRq4
test32@test.com,34,eyJ0eXAiOiJKV1QiLCJhbGciOiJIUzI1NiJ9.eyJpc3MiOiJhanVmcmVzaEBnbWFpbC5jb20iLCJpYXQiOjE3NzU2MjcxNzQsImV4cCI6MTc3NTYzNDM3NCwic3ViIjoidGVzdDMyQHRlc3QuY29tIiwiaWQiOjM0LCJyb2xlIjoiVVNFUiJ9.zg590poUPuFuRPjVJ78EWnQHvnVrPUrMSJJm1WBYXBo
test33@test.com,35,eyJ0eXAiOiJKV1QiLCJhbGciOiJIUzI1NiJ9.eyJpc3MiOiJhanVmcmVzaEBnbWFpbC5jb20iLCJpYXQiOjE3NzU2MjcxNzQsImV4cCI6MTc3NTYzNDM3NCwic3ViIjoidGVzdDMzQHRlc3QuY29tIiwiaWQiOjM1LCJyb2xlIjoiVVNFUiJ9.ZspiECdFEY5rlupBSfR3tljq803x8Ul2CnyD7gcQlpE
test34@test.com,36,eyJ0eXAiOiJKV1QiLCJhbGciOiJIUzI1NiJ9.eyJpc3MiOiJhanVmcmVzaEBnbWFpbC5jb20iLCJpYXQiOjE3NzU2MjcxNzQsImV4cCI6MTc3NTYzNDM3NCwic3ViIjoidGVzdDM0QHRlc3QuY29tIiwiaWQiOjM2LCJyb2xlIjoiVVNFUiJ9._ffWVbJ-q-YolWGLY_SNF42YXwNmPuOhkXuREUNitq8
test35@test.com,37,eyJ0eXAiOiJKV1QiLCJhbGciOiJIUzI1NiJ9.eyJpc3MiOiJhanVmcmVzaEBnbWFpbC5jb20iLCJpYXQiOjE3NzU2MjcxNzQsImV4cCI6MTc3NTYzNDM3NCwic3ViIjoidGVzdDM1QHRlc3QuY29tIiwiaWQiOjM3LCJyb2xlIjoiVVNFUiJ9.3VET1y2fqJTtFVc3IEP-mlid4fe0R3M2k8HXlxhRmRM
test36@test.com,38,eyJ0eXAiOiJKV1QiLCJhbGciOiJIUzI1NiJ9.eyJpc3MiOiJhanVmcmVzaEBnbWFpbC5jb20iLCJpYXQiOjE3NzU2MjcxNzQsImV4cCI6MTc3NTYzNDM3NCwic3ViIjoidGVzdDM2QHRlc3QuY29tIiwiaWQiOjM4LCJyb2xlIjoiVVNFUiJ9.QbT4Ab_um7rVbb5e-H9g3DgTaXSlHY7Oe9sQahfNdoI
test37@test.com,39,eyJ0eXAiOiJKV1QiLCJhbGciOiJIUzI1NiJ9.eyJpc3MiOiJhanVmcmVzaEBnbWFpbC5jb20iLCJpYXQiOjE3NzU2MjcxNzQsImV4cCI6MTc3NTYzNDM3NCwic3ViIjoidGVzdDM3QHRlc3QuY29tIiwiaWQiOjM5LCJyb2xlIjoiVVNFUiJ9.sVpio48qRx1yZbgs3XVAS75J5ytz8-M_HaErln2J6JE
test38@test.com,40,eyJ0eXAiOiJKV1QiLCJhbGciOiJIUzI1NiJ9.eyJpc3MiOiJhanVmcmVzaEBnbWFpbC5jb20iLCJpYXQiOjE3NzU2MjcxNzQsImV4cCI6MTc3NTYzNDM3NCwic3ViIjoidGVzdDM4QHRlc3QuY29tIiwiaWQiOjQwLCJyb2xlIjoiVVNFUiJ9.k1gqXuF__UVTzg7oYy4n4FyPT-yo-LmHvX1WLxjVclQ
test39@test.com,41,eyJ0eXAiOiJKV1QiLCJhbGciOiJIUzI1NiJ9.eyJpc3MiOiJhanVmcmVzaEBnbWFpbC5jb20iLCJpYXQiOjE3NzU2MjcxNzQsImV4cCI6MTc3NTYzNDM3NCwic3ViIjoidGVzdDM5QHRlc3QuY29tIiwiaWQiOjQxLCJyb2xlIjoiVVNFUiJ9.iYUvKwghOENeDEX-TxqH2GJCEFyLkktIqTeUlTmc8dI
test40@test.com,42,eyJ0eXAiOiJKV1QiLCJhbGciOiJIUzI1NiJ9.eyJpc3MiOiJhanVmcmVzaEBnbWFpbC5jb20iLCJpYXQiOjE3NzU2MjcxNzQsImV4cCI6MTc3NTYzNDM3NCwic3ViIjoidGVzdDQwQHRlc3QuY29tIiwiaWQiOjQyLCJyb2xlIjoiVVNFUiJ9.o8JqsqlgzEihhQsYxMgHE64ZnJwtCitSl79sEEkfW6g
test41@test.com,43,eyJ0eXAiOiJKV1QiLCJhbGciOiJIUzI1NiJ9.eyJpc3MiOiJhanVmcmVzaEBnbWFpbC5jb20iLCJpYXQiOjE3NzU2MjcxNzQsImV4cCI6MTc3NTYzNDM3NCwic3ViIjoidGVzdDQxQHRlc3QuY29tIiwiaWQiOjQzLCJyb2xlIjoiVVNFUiJ9.ff4CM0-CJnV0554-YQjxg9iSD_V1IBvXfVTwObrYF0Y
test42@test.com,44,eyJ0eXAiOiJKV1QiLCJhbGciOiJIUzI1NiJ9.eyJpc3MiOiJhanVmcmVzaEBnbWFpbC5jb20iLCJpYXQiOjE3NzU2MjcxNzQsImV4cCI6MTc3NTYzNDM3NCwic3ViIjoidGVzdDQyQHRlc3QuY29tIiwiaWQiOjQ0LCJyb2xlIjoiVVNFUiJ9.alfxM0DPLpT2MuWgnIBGDT9xhpLYK899YSESK_QGRZo
test43@test.com,45,eyJ0eXAiOiJKV1QiLCJhbGciOiJIUzI1NiJ9.eyJpc3MiOiJhanVmcmVzaEBnbWFpbC5jb20iLCJpYXQiOjE3NzU2MjcxNzQsImV4cCI6MTc3NTYzNDM3NCwic3ViIjoidGVzdDQzQHRlc3QuY29tIiwiaWQiOjQ1LCJyb2xlIjoiVVNFUiJ9.HmEKyEYLb_8R77seFsuxEYT9K6b4eTjz5lQbKc_Nv_0
test44@test.com,46,eyJ0eXAiOiJKV1QiLCJhbGciOiJIUzI1NiJ9.eyJpc3MiOiJhanVmcmVzaEBnbWFpbC5jb20iLCJpYXQiOjE3NzU2MjcxNzQsImV4cCI6MTc3NTYzNDM3NCwic3ViIjoidGVzdDQ0QHRlc3QuY29tIiwiaWQiOjQ2LCJyb2xlIjoiVVNFUiJ9.EKZ2CYMkqXAuyRcQGQ9PUyikQ-1_5v70iutbxnnjq4c
test45@test.com,47,eyJ0eXAiOiJKV1QiLCJhbGciOiJIUzI1NiJ9.eyJpc3MiOiJhanVmcmVzaEBnbWFpbC5jb20iLCJpYXQiOjE3NzU2MjcxNzQsImV4cCI6MTc3NTYzNDM3NCwic3ViIjoidGVzdDQ1QHRlc3QuY29tIiwiaWQiOjQ3LCJyb2xlIjoiVVNFUiJ9.K9fJM2aLNvfNO5xUNlFnkaVL5vTmZcE4io4m5jzzhFw
test46@test.com,48,eyJ0eXAiOiJKV1QiLCJhbGciOiJIUzI1NiJ9.eyJpc3MiOiJhanVmcmVzaEBnbWFpbC5jb20iLCJpYXQiOjE3NzU2MjcxNzQsImV4cCI6MTc3NTYzNDM3NCwic3ViIjoidGVzdDQ2QHRlc3QuY29tIiwiaWQiOjQ4LCJyb2xlIjoiVVNFUiJ9.fDJaGJ2f_iik_wfdEn7P5Xz6_OWJe59lr3U4fcW4crA
test47@test.com,49,eyJ0eXAiOiJKV1QiLCJhbGciOiJIUzI1NiJ9.eyJpc3MiOiJhanVmcmVzaEBnbWFpbC5jb20iLCJpYXQiOjE3NzU2MjcxNzQsImV4cCI6MTc3NTYzNDM3NCwic3ViIjoidGVzdDQ3QHRlc3QuY29tIiwiaWQiOjQ5LCJyb2xlIjoiVVNFUiJ9.Pm86bJcyjx78xk0gKljcEVLPfkyObPAZ78wVdfC-Uz4
test48@test.com,50,eyJ0eXAiOiJKV1QiLCJhbGciOiJIUzI1NiJ9.eyJpc3MiOiJhanVmcmVzaEBnbWFpbC5jb20iLCJpYXQiOjE3NzU2MjcxNzQsImV4cCI6MTc3NTYzNDM3NCwic3ViIjoidGVzdDQ4QHRlc3QuY29tIiwiaWQiOjUwLCJyb2xlIjoiVVNFUiJ9.2DKyJFKsuFqK7-GZdHGFvU4YK--NuH1enfrfDwSbJdM
test49@test.com,51,eyJ0eXAiOiJKV1QiLCJhbGciOiJIUzI1NiJ9.eyJpc3MiOiJhanVmcmVzaEBnbWFpbC5jb20iLCJpYXQiOjE3NzU2MjcxNzQsImV4cCI6MTc3NTYzNDM3NCwic3ViIjoidGVzdDQ5QHRlc3QuY29tIiwiaWQiOjUxLCJyb2xlIjoiVVNFUiJ9.KDvR6_9O8KKK4lr9JzDpMSLGAwE0BIiT4yrvFUlCHKw
test50@test.com,52,eyJ0eXAiOiJKV1QiLCJhbGciOiJIUzI1NiJ9.eyJpc3MiOiJhanVmcmVzaEBnbWFpbC5jb20iLCJpYXQiOjE3NzU2MjcxNzQsImV4cCI6MTc3NTYzNDM3NCwic3ViIjoidGVzdDUwQHRlc3QuY29tIiwiaWQiOjUyLCJyb2xlIjoiVVNFUiJ9.YmhNkI9weRfip6WxyWTRvo0wBPt3f5V-UUXFDT1XB9s
test51@test.com,53,eyJ0eXAiOiJKV1QiLCJhbGciOiJIUzI1NiJ9.eyJpc3MiOiJhanVmcmVzaEBnbWFpbC5jb20iLCJpYXQiOjE3NzU2MjcxNzQsImV4cCI6MTc3NTYzNDM3NCwic3ViIjoidGVzdDUxQHRlc3QuY29tIiwiaWQiOjUzLCJyb2xlIjoiVVNFUiJ9.jIhwx04qbXCg-iyAjlIkoaS1tcmUDioTgw97F4QBNDI
test52@test.com,54,eyJ0eXAiOiJKV1QiLCJhbGciOiJIUzI1NiJ9.eyJpc3MiOiJhanVmcmVzaEBnbWFpbC5jb20iLCJpYXQiOjE3NzU2MjcxNzQsImV4cCI6MTc3NTYzNDM3NCwic3ViIjoidGVzdDUyQHRlc3QuY29tIiwiaWQiOjU0LCJyb2xlIjoiVVNFUiJ9.7HUUdNtdrUEFbknpI92Qkyj8VpBV1ERYwI7tZYAqa64
test53@test.com,55,eyJ0eXAiOiJKV1QiLCJhbGciOiJIUzI1NiJ9.eyJpc3MiOiJhanVmcmVzaEBnbWFpbC5jb20iLCJpYXQiOjE3NzU2MjcxNzQsImV4cCI6MTc3NTYzNDM3NCwic3ViIjoidGVzdDUzQHRlc3QuY29tIiwiaWQiOjU1LCJyb2xlIjoiVVNFUiJ9.D-vz2Flg5zCVfC3OY5m7SGbDyjCK4pmML3x_Vwix_LY
test54@test.com,56,eyJ0eXAiOiJKV1QiLCJhbGciOiJIUzI1NiJ9.eyJpc3MiOiJhanVmcmVzaEBnbWFpbC5jb20iLCJpYXQiOjE3NzU2MjcxNzQsImV4cCI6MTc3NTYzNDM3NCwic3ViIjoidGVzdDU0QHRlc3QuY29tIiwiaWQiOjU2LCJyb2xlIjoiVVNFUiJ9.pjxwY90CSm1gknGFUNQVX-F5m9wLNKpRhYybI-dGPs0
test55@test.com,57,eyJ0eXAiOiJKV1QiLCJhbGciOiJIUzI1NiJ9.eyJpc3MiOiJhanVmcmVzaEBnbWFpbC5jb20iLCJpYXQiOjE3NzU2MjcxNzQsImV4cCI6MTc3NTYzNDM3NCwic3ViIjoidGVzdDU1QHRlc3QuY29tIiwiaWQiOjU3LCJyb2xlIjoiVVNFUiJ9.OYek5T2xC0XI5zlWHZvZFhXHsrD4OdYYqqUBEIRyBac
test56@test.com,58,eyJ0eXAiOiJKV1QiLCJhbGciOiJIUzI1NiJ9.eyJpc3MiOiJhanVmcmVzaEBnbWFpbC5jb20iLCJpYXQiOjE3NzU2MjcxNzQsImV4cCI6MTc3NTYzNDM3NCwic3ViIjoidGVzdDU2QHRlc3QuY29tIiwiaWQiOjU4LCJyb2xlIjoiVVNFUiJ9.AB4y1HqUbqWl3cuHIdu0vkvCFMx3eQbSw6ZLC7ch1oo
test57@test.com,59,eyJ0eXAiOiJKV1QiLCJhbGciOiJIUzI1NiJ9.eyJpc3MiOiJhanVmcmVzaEBnbWFpbC5jb20iLCJpYXQiOjE3NzU2MjcxNzQsImV4cCI6MTc3NTYzNDM3NCwic3ViIjoidGVzdDU3QHRlc3QuY29tIiwiaWQiOjU5LCJyb2xlIjoiVVNFUiJ9.qyBpHdOlx0SRwyZbNrNlQkzP7h0lnbogVPB9v91uwVo
test58@test.com,60,eyJ0eXAiOiJKV1QiLCJhbGciOiJIUzI1NiJ9.eyJpc3MiOiJhanVmcmVzaEBnbWFpbC5jb20iLCJpYXQiOjE3NzU2MjcxNzQsImV4cCI6MTc3NTYzNDM3NCwic3ViIjoidGVzdDU4QHRlc3QuY29tIiwiaWQiOjYwLCJyb2xlIjoiVVNFUiJ9.eqdNgzqOv_2VxnAnCvV2mv47kik_n9USX5OvZDTRGv4
test59@test.com,61,eyJ0eXAiOiJKV1QiLCJhbGciOiJIUzI1NiJ9.eyJpc3MiOiJhanVmcmVzaEBnbWFpbC5jb20iLCJpYXQiOjE3NzU2MjcxNzQsImV4cCI6MTc3NTYzNDM3NCwic3ViIjoidGVzdDU5QHRlc3QuY29tIiwiaWQiOjYxLCJyb2xlIjoiVVNFUiJ9.-ZzZ0flgNLAEnuofI9W4GUj8NCiT7JU3-IuYNzQ-vv8
test60@test.com,62,eyJ0eXAiOiJKV1QiLCJhbGciOiJIUzI1NiJ9.eyJpc3MiOiJhanVmcmVzaEBnbWFpbC5jb20iLCJpYXQiOjE3NzU2MjcxNzQsImV4cCI6MTc3NTYzNDM3NCwic3ViIjoidGVzdDYwQHRlc3QuY29tIiwiaWQiOjYyLCJyb2xlIjoiVVNFUiJ9.o579sg1ZeCQRB_VTFpWR9ibUErVb8_5WhUcBDQygo8M
test61@test.com,63,eyJ0eXAiOiJKV1QiLCJhbGciOiJIUzI1NiJ9.eyJpc3MiOiJhanVmcmVzaEBnbWFpbC5jb20iLCJpYXQiOjE3NzU2MjcxNzQsImV4cCI6MTc3NTYzNDM3NCwic3ViIjoidGVzdDYxQHRlc3QuY29tIiwiaWQiOjYzLCJyb2xlIjoiVVNFUiJ9.5j1bYa6orEb2-LLViCWdQI-IcgCoZb2TuneGBl3z8Eo
test62@test.com,64,eyJ0eXAiOiJKV1QiLCJhbGciOiJIUzI1NiJ9.eyJpc3MiOiJhanVmcmVzaEBnbWFpbC5jb20iLCJpYXQiOjE3NzU2MjcxNzQsImV4cCI6MTc3NTYzNDM3NCwic3ViIjoidGVzdDYyQHRlc3QuY29tIiwiaWQiOjY0LCJyb2xlIjoiVVNFUiJ9.1TfC525cLsB-R9KBh9jf_HyVboABOpb5wgtDxqvoq_0
test63@test.com,65,eyJ0eXAiOiJKV1QiLCJhbGciOiJIUzI1NiJ9.eyJpc3MiOiJhanVmcmVzaEBnbWFpbC5jb20iLCJpYXQiOjE3NzU2MjcxNzQsImV4cCI6MTc3NTYzNDM3NCwic3ViIjoidGVzdDYzQHRlc3QuY29tIiwiaWQiOjY1LCJyb2xlIjoiVVNFUiJ9.sGr8MbjvuLUaU5swZcfYRJYrYN2lASJiy5Aoarva_RY
test64@test.com,66,eyJ0eXAiOiJKV1QiLCJhbGciOiJIUzI1NiJ9.eyJpc3MiOiJhanVmcmVzaEBnbWFpbC5jb20iLCJpYXQiOjE3NzU2MjcxNzQsImV4cCI6MTc3NTYzNDM3NCwic3ViIjoidGVzdDY0QHRlc3QuY29tIiwiaWQiOjY2LCJyb2xlIjoiVVNFUiJ9.UJgVmUSUfc_PjZZCEy7XWoPX1FeRFIh6zZ_kHvWHMtA
test65@test.com,67,eyJ0eXAiOiJKV1QiLCJhbGciOiJIUzI1NiJ9.eyJpc3MiOiJhanVmcmVzaEBnbWFpbC5jb20iLCJpYXQiOjE3NzU2MjcxNzQsImV4cCI6MTc3NTYzNDM3NCwic3ViIjoidGVzdDY1QHRlc3QuY29tIiwiaWQiOjY3LCJyb2xlIjoiVVNFUiJ9.icWttyWq6RsiDMy7I70wispzUCGaFEtPV8k3oaklh30
test66@test.com,68,eyJ0eXAiOiJKV1QiLCJhbGciOiJIUzI1NiJ9.eyJpc3MiOiJhanVmcmVzaEBnbWFpbC5jb20iLCJpYXQiOjE3NzU2MjcxNzQsImV4cCI6MTc3NTYzNDM3NCwic3ViIjoidGVzdDY2QHRlc3QuY29tIiwiaWQiOjY4LCJyb2xlIjoiVVNFUiJ9.EdBXGVFzqzXPp3mUMLxYUnHSRhg8FuaMmK3_1sjv0Qc
test67@test.com,69,eyJ0eXAiOiJKV1QiLCJhbGciOiJIUzI1NiJ9.eyJpc3MiOiJhanVmcmVzaEBnbWFpbC5jb20iLCJpYXQiOjE3NzU2MjcxNzQsImV4cCI6MTc3NTYzNDM3NCwic3ViIjoidGVzdDY3QHRlc3QuY29tIiwiaWQiOjY5LCJyb2xlIjoiVVNFUiJ9.4KwCf46AI9un3J3uo4AmP9bzBabnq8MNRHhIsIcH4Gg
test68@test.com,70,eyJ0eXAiOiJKV1QiLCJhbGciOiJIUzI1NiJ9.eyJpc3MiOiJhanVmcmVzaEBnbWFpbC5jb20iLCJpYXQiOjE3NzU2MjcxNzQsImV4cCI6MTc3NTYzNDM3NCwic3ViIjoidGVzdDY4QHRlc3QuY29tIiwiaWQiOjcwLCJyb2xlIjoiVVNFUiJ9.wLgozSSp1q9q-qZzzfij9zl17n9V0fY__SqD4QRD4h8
test69@test.com,71,eyJ0eXAiOiJKV1QiLCJhbGciOiJIUzI1NiJ9.eyJpc3MiOiJhanVmcmVzaEBnbWFpbC5jb20iLCJpYXQiOjE3NzU2MjcxNzQsImV4cCI6MTc3NTYzNDM3NCwic3ViIjoidGVzdDY5QHRlc3QuY29tIiwiaWQiOjcxLCJyb2xlIjoiVVNFUiJ9.fetZ6Yf--tigOzNFDeudhjt0VmWTM8Gjc7P83qBE0QQ
test70@test.com,72,eyJ0eXAiOiJKV1QiLCJhbGciOiJIUzI1NiJ9.eyJpc3MiOiJhanVmcmVzaEBnbWFpbC5jb20iLCJpYXQiOjE3NzU2MjcxNzQsImV4cCI6MTc3NTYzNDM3NCwic3ViIjoidGVzdDcwQHRlc3QuY29tIiwiaWQiOjcyLCJyb2xlIjoiVVNFUiJ9.YKx7liDyiIGY03P0fofcuJwX9SDsxSLPkW24c9VjkJI
test71@test.com,73,eyJ0eXAiOiJKV1QiLCJhbGciOiJIUzI1NiJ9.eyJpc3MiOiJhanVmcmVzaEBnbWFpbC5jb20iLCJpYXQiOjE3NzU2MjcxNzQsImV4cCI6MTc3NTYzNDM3NCwic3ViIjoidGVzdDcxQHRlc3QuY29tIiwiaWQiOjczLCJyb2xlIjoiVVNFUiJ9.ffZFKRjJPSU5lRdZgdienama3cYHKwtI2v7z1s64toc
test72@test.com,74,eyJ0eXAiOiJKV1QiLCJhbGciOiJIUzI1NiJ9.eyJpc3MiOiJhanVmcmVzaEBnbWFpbC5jb20iLCJpYXQiOjE3NzU2MjcxNzQsImV4cCI6MTc3NTYzNDM3NCwic3ViIjoidGVzdDcyQHRlc3QuY29tIiwiaWQiOjc0LCJyb2xlIjoiVVNFUiJ9.Vvo5gXLWmJl1m8USFNJw7Rr0bZPkkesgN6C6F4jqr0Q
test73@test.com,75,eyJ0eXAiOiJKV1QiLCJhbGciOiJIUzI1NiJ9.eyJpc3MiOiJhanVmcmVzaEBnbWFpbC5jb20iLCJpYXQiOjE3NzU2MjcxNzQsImV4cCI6MTc3NTYzNDM3NCwic3ViIjoidGVzdDczQHRlc3QuY29tIiwiaWQiOjc1LCJyb2xlIjoiVVNFUiJ9.tYIMJ1wwHBJdz3d3baQPQ7RXny5eoGgjb0tI1CPwlcc
test74@test.com,76,eyJ0eXAiOiJKV1QiLCJhbGciOiJIUzI1NiJ9.eyJpc3MiOiJhanVmcmVzaEBnbWFpbC5jb20iLCJpYXQiOjE3NzU2MjcxNzQsImV4cCI6MTc3NTYzNDM3NCwic3ViIjoidGVzdDc0QHRlc3QuY29tIiwiaWQiOjc2LCJyb2xlIjoiVVNFUiJ9.nehnW7KHSFIqXom_F5TQdjdjWO8qk427PSw2mNnmVcY
test75@test.com,77,eyJ0eXAiOiJKV1QiLCJhbGciOiJIUzI1NiJ9.eyJpc3MiOiJhanVmcmVzaEBnbWFpbC5jb20iLCJpYXQiOjE3NzU2MjcxNzQsImV4cCI6MTc3NTYzNDM3NCwic3ViIjoidGVzdDc1QHRlc3QuY29tIiwiaWQiOjc3LCJyb2xlIjoiVVNFUiJ9.LKkDJBmwQlOsKAkPvnUzbB0jO4_JIklyh1kdkD95Eb8
test76@test.com,78,eyJ0eXAiOiJKV1QiLCJhbGciOiJIUzI1NiJ9.eyJpc3MiOiJhanVmcmVzaEBnbWFpbC5jb20iLCJpYXQiOjE3NzU2MjcxNzQsImV4cCI6MTc3NTYzNDM3NCwic3ViIjoidGVzdDc2QHRlc3QuY29tIiwiaWQiOjc4LCJyb2xlIjoiVVNFUiJ9.RaKDzK0spWffRHo9lDOh-7Lmrj73N193FF3NUcXUvpM
test77@test.com,79,eyJ0eXAiOiJKV1QiLCJhbGciOiJIUzI1NiJ9.eyJpc3MiOiJhanVmcmVzaEBnbWFpbC5jb20iLCJpYXQiOjE3NzU2MjcxNzQsImV4cCI6MTc3NTYzNDM3NCwic3ViIjoidGVzdDc3QHRlc3QuY29tIiwiaWQiOjc5LCJyb2xlIjoiVVNFUiJ9.xxXd-qiKxz2CS3cqlyRJYZ9UOMou9z-GkInmHbx4IEM
test78@test.com,80,eyJ0eXAiOiJKV1QiLCJhbGciOiJIUzI1NiJ9.eyJpc3MiOiJhanVmcmVzaEBnbWFpbC5jb20iLCJpYXQiOjE3NzU2MjcxNzQsImV4cCI6MTc3NTYzNDM3NCwic3ViIjoidGVzdDc4QHRlc3QuY29tIiwiaWQiOjgwLCJyb2xlIjoiVVNFUiJ9.CBq8YODEZ3b_7wKLxHpRJ6d_BvwFQFRk8mwPnuoyuWI
test79@test.com,81,eyJ0eXAiOiJKV1QiLCJhbGciOiJIUzI1NiJ9.eyJpc3MiOiJhanVmcmVzaEBnbWFpbC5jb20iLCJpYXQiOjE3NzU2MjcxNzQsImV4cCI6MTc3NTYzNDM3NCwic3ViIjoidGVzdDc5QHRlc3QuY29tIiwiaWQiOjgxLCJyb2xlIjoiVVNFUiJ9.bRRlgHy9BOpREwuyNLZpA3WOnoryw2zmfRr_X9Zryz0
test80@test.com,82,eyJ0eXAiOiJKV1QiLCJhbGciOiJIUzI1NiJ9.eyJpc3MiOiJhanVmcmVzaEBnbWFpbC5jb20iLCJpYXQiOjE3NzU2MjcxNzQsImV4cCI6MTc3NTYzNDM3NCwic3ViIjoidGVzdDgwQHRlc3QuY29tIiwiaWQiOjgyLCJyb2xlIjoiVVNFUiJ9.ik7EFcVIdCxbGR9tJuW7zOFWWoryxs3eX-4DFAfUtS4
test81@test.com,83,eyJ0eXAiOiJKV1QiLCJhbGciOiJIUzI1NiJ9.eyJpc3MiOiJhanVmcmVzaEBnbWFpbC5jb20iLCJpYXQiOjE3NzU2MjcxNzQsImV4cCI6MTc3NTYzNDM3NCwic3ViIjoidGVzdDgxQHRlc3QuY29tIiwiaWQiOjgzLCJyb2xlIjoiVVNFUiJ9.GxvQRNFShK3lDtkdlphyzzy0VZhpLsNUpooZaUq4fjc
test82@test.com,84,eyJ0eXAiOiJKV1QiLCJhbGciOiJIUzI1NiJ9.eyJpc3MiOiJhanVmcmVzaEBnbWFpbC5jb20iLCJpYXQiOjE3NzU2MjcxNzQsImV4cCI6MTc3NTYzNDM3NCwic3ViIjoidGVzdDgyQHRlc3QuY29tIiwiaWQiOjg0LCJyb2xlIjoiVVNFUiJ9.yQafIFRNao33cbjWLZIHhV4XzZBU8bnUEStfFQ9iTJY
test83@test.com,85,eyJ0eXAiOiJKV1QiLCJhbGciOiJIUzI1NiJ9.eyJpc3MiOiJhanVmcmVzaEBnbWFpbC5jb20iLCJpYXQiOjE3NzU2MjcxNzQsImV4cCI6MTc3NTYzNDM3NCwic3ViIjoidGVzdDgzQHRlc3QuY29tIiwiaWQiOjg1LCJyb2xlIjoiVVNFUiJ9.ZrW9pRMCr2ey_CQxKkzaC1tU5mYRqXaqfcLS4teOeBw
test84@test.com,86,eyJ0eXAiOiJKV1QiLCJhbGciOiJIUzI1NiJ9.eyJpc3MiOiJhanVmcmVzaEBnbWFpbC5jb20iLCJpYXQiOjE3NzU2MjcxNzQsImV4cCI6MTc3NTYzNDM3NCwic3ViIjoidGVzdDg0QHRlc3QuY29tIiwiaWQiOjg2LCJyb2xlIjoiVVNFUiJ9.FXZqP3Cy8nwKqr9hC8NMrAjjKR3hVC3AoHXIKLrZKF4
test85@test.com,87,eyJ0eXAiOiJKV1QiLCJhbGciOiJIUzI1NiJ9.eyJpc3MiOiJhanVmcmVzaEBnbWFpbC5jb20iLCJpYXQiOjE3NzU2MjcxNzQsImV4cCI6MTc3NTYzNDM3NCwic3ViIjoidGVzdDg1QHRlc3QuY29tIiwiaWQiOjg3LCJyb2xlIjoiVVNFUiJ9.lTTYYOuD9_3s4zg-KWd-9Gu-HPkHlLrxpLDHwzRfirc
test86@test.com,88,eyJ0eXAiOiJKV1QiLCJhbGciOiJIUzI1NiJ9.eyJpc3MiOiJhanVmcmVzaEBnbWFpbC5jb20iLCJpYXQiOjE3NzU2MjcxNzQsImV4cCI6MTc3NTYzNDM3NCwic3ViIjoidGVzdDg2QHRlc3QuY29tIiwiaWQiOjg4LCJyb2xlIjoiVVNFUiJ9.qcF4Smn1SwQazOS9nVqdG2dz5MIdOGIMl5Fca9zGggM
test87@test.com,89,eyJ0eXAiOiJKV1QiLCJhbGciOiJIUzI1NiJ9.eyJpc3MiOiJhanVmcmVzaEBnbWFpbC5jb20iLCJpYXQiOjE3NzU2MjcxNzQsImV4cCI6MTc3NTYzNDM3NCwic3ViIjoidGVzdDg3QHRlc3QuY29tIiwiaWQiOjg5LCJyb2xlIjoiVVNFUiJ9.fx6UpJfM0fV8zEdME9pBUsqQ6AHy4DSdVO1Mm2oYY6c
test88@test.com,90,eyJ0eXAiOiJKV1QiLCJhbGciOiJIUzI1NiJ9.eyJpc3MiOiJhanVmcmVzaEBnbWFpbC5jb20iLCJpYXQiOjE3NzU2MjcxNzQsImV4cCI6MTc3NTYzNDM3NCwic3ViIjoidGVzdDg4QHRlc3QuY29tIiwiaWQiOjkwLCJyb2xlIjoiVVNFUiJ9.Z_QmN23u57clYvJoHL4H2VmkYjKL20nmOH_Oqilvd1k
test89@test.com,91,eyJ0eXAiOiJKV1QiLCJhbGciOiJIUzI1NiJ9.eyJpc3MiOiJhanVmcmVzaEBnbWFpbC5jb20iLCJpYXQiOjE3NzU2MjcxNzQsImV4cCI6MTc3NTYzNDM3NCwic3ViIjoidGVzdDg5QHRlc3QuY29tIiwiaWQiOjkxLCJyb2xlIjoiVVNFUiJ9.nLoPA_aBgUnceeaJBxHUb3PSC-QIMUimS8z1zrd9FZA
test90@test.com,92,eyJ0eXAiOiJKV1QiLCJhbGciOiJIUzI1NiJ9.eyJpc3MiOiJhanVmcmVzaEBnbWFpbC5jb20iLCJpYXQiOjE3NzU2MjcxNzQsImV4cCI6MTc3NTYzNDM3NCwic3ViIjoidGVzdDkwQHRlc3QuY29tIiwiaWQiOjkyLCJyb2xlIjoiVVNFUiJ9.KOfCLD1VtKeHISBd8JljWuoLUucZp_buBBnGuf9_n1g
test91@test.com,93,eyJ0eXAiOiJKV1QiLCJhbGciOiJIUzI1NiJ9.eyJpc3MiOiJhanVmcmVzaEBnbWFpbC5jb20iLCJpYXQiOjE3NzU2MjcxNzQsImV4cCI6MTc3NTYzNDM3NCwic3ViIjoidGVzdDkxQHRlc3QuY29tIiwiaWQiOjkzLCJyb2xlIjoiVVNFUiJ9.IkgVv-Hx-TX4N0hHTT5-9MS4L6gXqE25WMlObPALqvQ
test92@test.com,94,eyJ0eXAiOiJKV1QiLCJhbGciOiJIUzI1NiJ9.eyJpc3MiOiJhanVmcmVzaEBnbWFpbC5jb20iLCJpYXQiOjE3NzU2MjcxNzQsImV4cCI6MTc3NTYzNDM3NCwic3ViIjoidGVzdDkyQHRlc3QuY29tIiwiaWQiOjk0LCJyb2xlIjoiVVNFUiJ9.qEiWY9qfp-aEL6lEIjHoI1ag2w67u-rprXg8rErPBIo
test93@test.com,95,eyJ0eXAiOiJKV1QiLCJhbGciOiJIUzI1NiJ9.eyJpc3MiOiJhanVmcmVzaEBnbWFpbC5jb20iLCJpYXQiOjE3NzU2MjcxNzQsImV4cCI6MTc3NTYzNDM3NCwic3ViIjoidGVzdDkzQHRlc3QuY29tIiwiaWQiOjk1LCJyb2xlIjoiVVNFUiJ9.KSU8Yt1zdcSNfY7t0Giv-_taCCU6rsJqHWN4NpDfGLs
test94@test.com,96,eyJ0eXAiOiJKV1QiLCJhbGciOiJIUzI1NiJ9.eyJpc3MiOiJhanVmcmVzaEBnbWFpbC5jb20iLCJpYXQiOjE3NzU2MjcxNzQsImV4cCI6MTc3NTYzNDM3NCwic3ViIjoidGVzdDk0QHRlc3QuY29tIiwiaWQiOjk2LCJyb2xlIjoiVVNFUiJ9.ghD6skIeP3HX3L69-3OoT-vk3uIIvfxqAa6sghAVFqo
test95@test.com,97,eyJ0eXAiOiJKV1QiLCJhbGciOiJIUzI1NiJ9.eyJpc3MiOiJhanVmcmVzaEBnbWFpbC5jb20iLCJpYXQiOjE3NzU2MjcxNzQsImV4cCI6MTc3NTYzNDM3NCwic3ViIjoidGVzdDk1QHRlc3QuY29tIiwiaWQiOjk3LCJyb2xlIjoiVVNFUiJ9.nlnyD2bLVFIpuPKJjFCzH7duwQUpqApGIkdgJn_WjU0
test96@test.com,98,eyJ0eXAiOiJKV1QiLCJhbGciOiJIUzI1NiJ9.eyJpc3MiOiJhanVmcmVzaEBnbWFpbC5jb20iLCJpYXQiOjE3NzU2MjcxNzQsImV4cCI6MTc3NTYzNDM3NCwic3ViIjoidGVzdDk2QHRlc3QuY29tIiwiaWQiOjk4LCJyb2xlIjoiVVNFUiJ9.tjFJvtX-n7hmF5uLRe_CCKI4c1Tj-acqMaOAOKyQjwg
test97@test.com,99,eyJ0eXAiOiJKV1QiLCJhbGciOiJIUzI1NiJ9.eyJpc3MiOiJhanVmcmVzaEBnbWFpbC5jb20iLCJpYXQiOjE3NzU2MjcxNzQsImV4cCI6MTc3NTYzNDM3NCwic3ViIjoidGVzdDk3QHRlc3QuY29tIiwiaWQiOjk5LCJyb2xlIjoiVVNFUiJ9.GyxH-kiaWOZkyff37PRL9GyUkDMME-IO6oMuSMHmPVM
test98@test.com,100,eyJ0eXAiOiJKV1QiLCJhbGciOiJIUzI1NiJ9.eyJpc3MiOiJhanVmcmVzaEBnbWFpbC5jb20iLCJpYXQiOjE3NzU2MjcxNzQsImV4cCI6MTc3NTYzNDM3NCwic3ViIjoidGVzdDk4QHRlc3QuY29tIiwiaWQiOjEwMCwicm9sZSI6IlVTRVIifQ.LRalXfRWg-KDTuuyAQqX_BIxBt3nvuEOPAkX3WWAdPQ
test99@test.com,101,eyJ0eXAiOiJKV1QiLCJhbGciOiJIUzI1NiJ9.eyJpc3MiOiJhanVmcmVzaEBnbWFpbC5jb20iLCJpYXQiOjE3NzU2MjcxNzQsImV4cCI6MTc3NTYzNDM3NCwic3ViIjoidGVzdDk5QHRlc3QuY29tIiwiaWQiOjEwMSwicm9sZSI6IlVTRVIifQ.OWuZzwG9TGdU_CAvEI5kl_UntgALYTrxU1zym8x_bmY
test100@test.com,102,eyJ0eXAiOiJKV1QiLCJhbGciOiJIUzI1NiJ9.eyJpc3MiOiJhanVmcmVzaEBnbWFpbC5jb20iLCJpYXQiOjE3NzU2MjcxNzQsImV4cCI6MTc3NTYzNDM3NCwic3ViIjoidGVzdDEwMEB0ZXN0LmNvbSIsImlkIjoxMDIsInJvbGUiOiJVU0VSIn0.VvbFIeWlww_KuffckHx7c83h2ostqW3VOKVqy3ROeRM
