email,userId,token,concertId,idempotencyKey,paymentMethod
test1@test.com,3,eyJ0eXAiOiJKV1QiLCJhbGciOiJIUzI1NiJ9.eyJpc3MiOiJhanVmcmVzaEBnbWFpbC5jb20iLCJpYXQiOjE3NzU2MjcxNzQsImV4cCI6MTc3NTYzNDM3NCwic3ViIjoidGVzdDFAdGVzdC5jb20iLCJpZCI6Mywicm9sZSI6IlVTRVIifQ.RXS3Lg3Wx37VQQb6_M6hk6wvV2CKMUaC5OhBK2XH8Ss,1,pay-perf-001,CARD
test2@test.com,4,eyJ0eXAiOiJKV1QiLCJhbGciOiJIUzI1NiJ9.eyJpc3MiOiJhanVmcmVzaEBnbWFpbC5jb20iLCJpYXQiOjE3NzU2MjcxNzQsImV4cCI6MTc3NTYzNDM3NCwic3ViIjoidGVzdDJAdGVzdC5jb20iLCJpZCI6NCwicm9sZSI6IlVTRVIifQ.a5BGpBypruofU-vLNbL9BVdQ1qvtUp5DktjFK8bUuq4,1,pay-perf-002,CARD
test3@test.com,5,eyJ0eXAiOiJKV1QiLCJhbGciOiJIUzI1NiJ9.eyJpc3MiOiJhanVmcmVzaEBnbWFpbC5jb20iLCJpYXQiOjE3NzU2MjcxNzQsImV4cCI6MTc3NTYzNDM3NCwic3ViIjoidGVzdDNAdGVzdC5jb20iLCJpZCI6NSwicm9sZSI6IlVTRVIifQ.cpHApDBhcCXf89Qx0TnUFo2QUKBT2KbzUEXZCtlhuu8,1,pay-perf-003,CARD
test4@test.com,6,eyJ0eXAiOiJKV1QiLCJhbGciOiJIUzI1NiJ9.eyJpc3MiOiJhanVmcmVzaEBnbWFpbC5jb20iLCJpYXQiOjE3NzU2MjcxNzQsImV4cCI6MTc3NTYzNDM3NCwic3ViIjoidGVzdDRAdGVzdC5jb20iLCJpZCI6Niwicm9sZSI6IlVTRVIifQ.0SNijstYYByc_THbeemdTsTmxE89nm03JCnsiInsbww,1,pay-perf-004,CARD
test5@test.com,7,eyJ0eXAiOiJKV1QiLCJhbGciOiJIUzI1NiJ9.eyJpc3MiOiJhanVmcmVzaEBnbWFpbC5jb20iLCJpYXQiOjE3NzU2MjcxNzQsImV4cCI6MTc3NTYzNDM3NCwic3ViIjoidGVzdDVAdGVzdC5jb20iLCJpZCI6Nywicm9sZSI6IlVTRVIifQ.9f1-QmMSFJ4EOlXuw2pKYSoj07AUDVVbDcOxfk7ZDKI,1,pay-perf-005,CARD
test6@test.com,8,eyJ0eXAiOiJKV1QiLCJhbGciOiJIUzI1NiJ9.eyJpc3MiOiJhanVmcmVzaEBnbWFpbC5jb20iLCJpYXQiOjE3NzU2MjcxNzQsImV4cCI6MTc3NTYzNDM3NCwic3ViIjoidGVzdDZAdGVzdC5jb20iLCJpZCI6OCwicm9sZSI6IlVTRVIifQ.jxaDB-h3mayJaCt64IFbmA-f7lYvhmf7x395NnO5W8E,1,pay-perf-006,CARD
test7@test.com,9,eyJ0eXAiOiJKV1QiLCJhbGciOiJIUzI1NiJ9.eyJpc3MiOiJhanVmcmVzaEBnbWFpbC5jb20iLCJpYXQiOjE3NzU2MjcxNzQsImV4cCI6MTc3NTYzNDM3NCwic3ViIjoidGVzdDdAdGVzdC5jb20iLCJpZCI6OSwicm9sZSI6IlVTRVIifQ.bcCOrjeyqIhwAR22luj1ln3X4Qe6mwvgJJgiqPq0qhg,1,pay-perf-007,CARD
test8@test.com,10,eyJ0eXAiOiJKV1QiLCJhbGciOiJIUzI1NiJ9.eyJpc3MiOiJhanVmcmVzaEBnbWFpbC5jb20iLCJpYXQiOjE3NzU2MjcxNzQsImV4cCI6MTc3NTYzNDM3NCwic3ViIjoidGVzdDhAdGVzdC5jb20iLCJpZCI6MTAsInJvbGUiOiJVU0VSIn0.TR0UcIjmkwstsP_hY-K6arPxozDClHoQowFUZQM6HOI,1,pay-perf-008,CARD
test9@test.com,11,eyJ0eXAiOiJKV1QiLCJhbGciOiJIUzI1NiJ9.eyJpc3MiOiJhanVmcmVzaEBnbWFpbC5jb20iLCJpYXQiOjE3NzU2MjcxNzQsImV4cCI6MTc3NTYzNDM3NCwic3ViIjoidGVzdDlAdGVzdC5jb20iLCJpZCI6MTEsInJvbGUiOiJVU0VSIn0.rnDKWIfuJR5Hyh2kYZ-047NvLfLHieIHbAh269pQEVo,1,pay-perf-009,CARD
test10@test.com,12,eyJ0eXAiOiJKV1QiLCJhbGciOiJIUzI1NiJ9.eyJpc3MiOiJhanVmcmVzaEBnbWFpbC5jb20iLCJpYXQiOjE3NzU2MjcxNzQsImV4cCI6MTc3NTYzNDM3NCwic3ViIjoidGVzdDEwQHRlc3QuY29tIiwiaWQiOjEyLCJyb2xlIjoiVVNFUiJ9.2m3KYBeQMtVUCLXyz6VpOBBELkvM_nPx_srqGSncbFs,1,pay-perf-010,CARD
test11@test.com,13,eyJ0eXAiOiJKV1QiLCJhbGciOiJIUzI1NiJ9.eyJpc3MiOiJhanVmcmVzaEBnbWFpbC5jb20iLCJpYXQiOjE3NzU2MjcxNzQsImV4cCI6MTc3NTYzNDM3NCwic3ViIjoidGVzdDExQHRlc3QuY29tIiwiaWQiOjEzLCJyb2xlIjoiVVNFUiJ9.deAiQWZRi1NP4gAM9IaUmoRvQl779ouw7j-UWy2dy9I,1,pay-perf-011,CARD
test12@test.com,14,eyJ0eXAiOiJKV1QiLCJhbGciOiJIUzI1NiJ9.eyJpc3MiOiJhanVmcmVzaEBnbWFpbC5jb20iLCJpYXQiOjE3NzU2MjcxNzQsImV4cCI6MTc3NTYzNDM3NCwic3ViIjoidGVzdDEyQHRlc3QuY29tIiwiaWQiOjE0LCJyb2xlIjoiVVNFUiJ9.8RZquREheCxCR-6nrDC2J0__piYA5TeUXaqryllXhUU,1,pay-perf-012,CARD
test13@test.com,15,eyJ0eXAiOiJKV1QiLCJhbGciOiJIUzI1NiJ9.eyJpc3MiOiJhanVmcmVzaEBnbWFpbC5jb20iLCJpYXQiOjE3NzU2MjcxNzQsImV4cCI6MTc3NTYzNDM3NCwic3ViIjoidGVzdDEzQHRlc3QuY29tIiwiaWQiOjE1LCJyb2xlIjoiVVNFUiJ9.iBtjXd0w1tBLftVgULwwXJM0GC_mfK8JUB7oiHhCf98,1,pay-perf-013,CARD
test14@test.com,16,eyJ0eXAiOiJKV1QiLCJhbGciOiJIUzI1NiJ9.eyJpc3MiOiJhanVmcmVzaEBnbWFpbC5jb20iLCJpYXQiOjE3NzU2MjcxNzQsImV4cCI6MTc3NTYzNDM3NCwic3ViIjoidGVzdDE0QHRlc3QuY29tIiwiaWQiOjE2LCJyb2xlIjoiVVNFUiJ9.c8dz544ecYkbiAnHPc-IE7Vdfb3WaEedIQj3upIkfAA,1,pay-perf-014,CARD
test15@test.com,17,eyJ0eXAiOiJKV1QiLCJhbGciOiJIUzI1NiJ9.eyJpc3MiOiJhanVmcmVzaEBnbWFpbC5jb20iLCJpYXQiOjE3NzU2MjcxNzQsImV4cCI6MTc3NTYzNDM3NCwic3ViIjoidGVzdDE1QHRlc3QuY29tIiwiaWQiOjE3LCJyb2xlIjoiVVNFUiJ9.vOWE0Vpk6YdSnwDT8xEkd8rb71482W5FRk_H8M4VtAM,1,pay-perf-015,CARD
test16@test.com,18,eyJ0eXAiOiJKV1QiLCJhbGciOiJIUzI1NiJ9.eyJpc3MiOiJhanVmcmVzaEBnbWFpbC5jb20iLCJpYXQiOjE3NzU2MjcxNzQsImV4cCI6MTc3NTYzNDM3NCwic3ViIjoidGVzdDE2QHRlc3QuY29tIiwiaWQiOjE4LCJyb2xlIjoiVVNFUiJ9.btga38ulWcEdXGO8lIugi3aD5AN0Tsh2t3YZoxudoYI,1,pay-perf-016,CARD
test17@test.com,19,eyJ0eXAiOiJKV1QiLCJhbGciOiJIUzI1NiJ9.eyJpc3MiOiJhanVmcmVzaEBnbWFpbC5jb20iLCJpYXQiOjE3NzU2MjcxNzQsImV4cCI6MTc3NTYzNDM3NCwic3ViIjoidGVzdDE3QHRlc3QuY29tIiwiaWQiOjE5LCJyb2xlIjoiVVNFUiJ9.tVV-2yYxcv-sCFHbk3s-Vwm148swooMBaEW7702l-wc,1,pay-perf-017,CARD
test18@test.com,20,eyJ0eXAiOiJKV1QiLCJhbGciOiJIUzI1NiJ9.eyJpc3MiOiJhanVmcmVzaEBnbWFpbC5jb20iLCJpYXQiOjE3NzU2MjcxNzQsImV4cCI6MTc3NTYzNDM3NCwic3ViIjoidGVzdDE4QHRlc3QuY29tIiwiaWQiOjIwLCJyb2xlIjoiVVNFUiJ9.atm41qbmGQvk72m-qhaju69hobTEMX9d06xRJPa7gfo,1,pay-perf-018,CARD
test19@test.com,21,eyJ0eXAiOiJKV1QiLCJhbGciOiJIUzI1NiJ9.eyJpc3MiOiJhanVmcmVzaEBnbWFpbC5jb20iLCJpYXQiOjE3NzU2MjcxNzQsImV4cCI6MTc3NTYzNDM3NCwic3ViIjoidGVzdDE5QHRlc3QuY29tIiwiaWQiOjIxLCJyb2xlIjoiVVNFUiJ9.Gjj_y13rxonGoZapD1z1ryNZrDTpbgIxbM98bw-ZBpA,1,pay-perf-019,CARD
test20@test.com,22,eyJ0eXAiOiJKV1QiLCJhbGciOiJIUzI1NiJ9.eyJpc3MiOiJhanVmcmVzaEBnbWFpbC5jb20iLCJpYXQiOjE3NzU2MjcxNzQsImV4cCI6MTc3NTYzNDM3NCwic3ViIjoidGVzdDIwQHRlc3QuY29tIiwiaWQiOjIyLCJyb2xlIjoiVVNFUiJ9.FTEGCXxwT9uf6sAOJX-530jZM5WJwENf1892ITj_y7I,1,pay-perf-020,CARD
test21@test.com,23,eyJ0eXAiOiJKV1QiLCJhbGciOiJIUzI1NiJ9.eyJpc3MiOiJhanVmcmVzaEBnbWFpbC5jb20iLCJpYXQiOjE3NzU2MjcxNzQsImV4cCI6MTc3NTYzNDM3NCwic3ViIjoidGVzdDIxQHRlc3QuY29tIiwiaWQiOjIzLCJyb2xlIjoiVVNFUiJ9.bPXAvHa-U4uLmXQlL12_rYQjvHfu6CN8S-27GHwmSgY,1,pay-perf-021,CARD
test22@test.com,24,eyJ0eXAiOiJKV1QiLCJhbGciOiJIUzI1NiJ9.eyJpc3MiOiJhanVmcmVzaEBnbWFpbC5jb20iLCJpYXQiOjE3NzU2MjcxNzQsImV4cCI6MTc3NTYzNDM3NCwic3ViIjoidGVzdDIyQHRlc3QuY29tIiwiaWQiOjI0LCJyb2xlIjoiVVNFUiJ9.hmo8zHow9c6YnsPmmIJ58A_E_TB_xT_paqO2TIIwJyM,1,pay-perf-022,CARD
test23@test.com,25,eyJ0eXAiOiJKV1QiLCJhbGciOiJIUzI1NiJ9.eyJpc3MiOiJhanVmcmVzaEBnbWFpbC5jb20iLCJpYXQiOjE3NzU2MjcxNzQsImV4cCI6MTc3NTYzNDM3NCwic3ViIjoidGVzdDIzQHRlc3QuY29tIiwiaWQiOjI1LCJyb2xlIjoiVVNFUiJ9.MXI8-n9vbS-c7ddcRD0oK5TZpFHShcVD5qvyr1tOoL0,1,pay-perf-023,CARD
test24@test.com,26,eyJ0eXAiOiJKV1QiLCJhbGciOiJIUzI1NiJ9.eyJpc3MiOiJhanVmcmVzaEBnbWFpbC5jb20iLCJpYXQiOjE3NzU2MjcxNzQsImV4cCI6MTc3NTYzNDM3NCwic3ViIjoidGVzdDI0QHRlc3QuY29tIiwiaWQiOjI2LCJyb2xlIjoiVVNFUiJ9.EOyksU7uXAaV4niH9u-rMhMnW1rnT6AapiYeLnA6dBU,1,pay-perf-024,CARD
test25@test.com,27,eyJ0eXAiOiJKV1QiLCJhbGciOiJIUzI1NiJ9.eyJpc3MiOiJhanVmcmVzaEBnbWFpbC5jb20iLCJpYXQiOjE3NzU2MjcxNzQsImV4cCI6MTc3NTYzNDM3NCwic3ViIjoidGVzdDI1QHRlc3QuY29tIiwiaWQiOjI3LCJyb2xlIjoiVVNFUiJ9.CMD83J3jQIGRO4TTdvLbwU8eBAgWNriw_DQ3Z833bRA,1,pay-perf-025,CARD
test26@test.com,28,eyJ0eXAiOiJKV1QiLCJhbGciOiJIUzI1NiJ9.eyJpc3MiOiJhanVmcmVzaEBnbWFpbC5jb20iLCJpYXQiOjE3NzU2MjcxNzQsImV4cCI6MTc3NTYzNDM3NCwic3ViIjoidGVzdDI2QHRlc3QuY29tIiwiaWQiOjI4LCJyb2xlIjoiVVNFUiJ9.MTHXa6aO9MAhEe6SZpJjUQhZEtszuz5NljXdlGv4E9s,1,pay-perf-026,CARD
test27@test.com,29,eyJ0eXAiOiJKV1QiLCJhbGciOiJIUzI1NiJ9.eyJpc3MiOiJhanVmcmVzaEBnbWFpbC5jb20iLCJpYXQiOjE3NzU2MjcxNzQsImV4cCI6MTc3NTYzNDM3NCwic3ViIjoidGVzdDI3QHRlc3QuY29tIiwiaWQiOjI5LCJyb2xlIjoiVVNFUiJ9.hCFwKEybZw-PRr7P_JFWptD5b8jxCx7QKGDsJGd1vVo,1,pay-perf-027,CARD
test28@test.com,30,eyJ0eXAiOiJKV1QiLCJhbGciOiJIUzI1NiJ9.eyJpc3MiOiJhanVmcmVzaEBnbWFpbC5jb20iLCJpYXQiOjE3NzU2MjcxNzQsImV4cCI6MTc3NTYzNDM3NCwic3ViIjoidGVzdDI4QHRlc3QuY29tIiwiaWQiOjMwLCJyb2xlIjoiVVNFUiJ9.9CZAk44ScF9y3OIX88ol9-lAobeDB2augb_y9Vbop6o,1,pay-perf-028,CARD
test29@test.com,31,eyJ0eXAiOiJKV1QiLCJhbGciOiJIUzI1NiJ9.eyJpc3MiOiJhanVmcmVzaEBnbWFpbC5jb20iLCJpYXQiOjE3NzU2MjcxNzQsImV4cCI6MTc3NTYzNDM3NCwic3ViIjoidGVzdDI5QHRlc3QuY29tIiwiaWQiOjMxLCJyb2xlIjoiVVNFUiJ9.CLvGtVs3X6RpqTk2NyVjasO2KKOsNjx1PP13-E3ZTYk,1,pay-perf-029,CARD
test30@test.com,32,eyJ0eXAiOiJKV1QiLCJhbGciOiJIUzI1NiJ9.eyJpc3MiOiJhanVmcmVzaEBnbWFpbC5jb20iLCJpYXQiOjE3NzU2MjcxNzQsImV4cCI6MTc3NTYzNDM3NCwic3ViIjoidGVzdDMwQHRlc3QuY29tIiwiaWQiOjMyLCJyb2xlIjoiVVNFUiJ9.kMGB4Iqv8sNA7fhu1eLrxof_9DFJgcPyJ8ZOmPX3sQA,1,pay-perf-030,CARD
test31@test.com,33,eyJ0eXAiOiJKV1QiLCJhbGciOiJIUzI1NiJ9.eyJpc3MiOiJhanVmcmVzaEBnbWFpbC5jb20iLCJpYXQiOjE3NzU2MjcxNzQsImV4cCI6MTc3NTYzNDM3NCwic3ViIjoidGVzdDMxQHRlc3QuY29tIiwiaWQiOjMzLCJyb2xlIjoiVVNFUiJ9.H7CPqhCzrIhfn1SCp7LD_uIMnaYWrzXlJD-fFZILRq4,1,pay-perf-031,CARD
test32@test.com,34,eyJ0eXAiOiJKV1QiLCJhbGciOiJIUzI1NiJ9.eyJpc3MiOiJhanVmcmVzaEBnbWFpbC5jb20iLCJpYXQiOjE3NzU2MjcxNzQsImV4cCI6MTc3NTYzNDM3NCwic3ViIjoidGVzdDMyQHRlc3QuY29tIiwiaWQiOjM0LCJyb2xlIjoiVVNFUiJ9.zg590poUPuFuRPjVJ78EWnQHvnVrPUrMSJJm1WBYXBo,1,pay-perf-032,CARD
test33@test.com,35,eyJ0eXAiOiJKV1QiLCJhbGciOiJIUzI1NiJ9.eyJpc3MiOiJhanVmcmVzaEBnbWFpbC5jb20iLCJpYXQiOjE3NzU2MjcxNzQsImV4cCI6MTc3NTYzNDM3NCwic3ViIjoidGVzdDMzQHRlc3QuY29tIiwiaWQiOjM1LCJyb2xlIjoiVVNFUiJ9.ZspiECdFEY5rlupBSfR3tljq803x8Ul2CnyD7gcQlpE,1,pay-perf-033,CARD
test34@test.com,36,eyJ0eXAiOiJKV1QiLCJhbGciOiJIUzI1NiJ9.eyJpc3MiOiJhanVmcmVzaEBnbWFpbC5jb20iLCJpYXQiOjE3NzU2MjcxNzQsImV4cCI6MTc3NTYzNDM3NCwic3ViIjoidGVzdDM0QHRlc3QuY29tIiwiaWQiOjM2LCJyb2xlIjoiVVNFUiJ9._ffWVbJ-q-YolWGLY_SNF42YXwNmPuOhkXuREUNitq8,1,pay-perf-034,CARD
test35@test.com,37,eyJ0eXAiOiJKV1QiLCJhbGciOiJIUzI1NiJ9.eyJpc3MiOiJhanVmcmVzaEBnbWFpbC5jb20iLCJpYXQiOjE3NzU2MjcxNzQsImV4cCI6MTc3NTYzNDM3NCwic3ViIjoidGVzdDM1QHRlc3QuY29tIiwiaWQiOjM3LCJyb2xlIjoiVVNFUiJ9.3VET1y2fqJTtFVc3IEP-mlid4fe0R3M2k8HXlxhRmRM,1,pay-perf-035,CARD
test36@test.com,38,eyJ0eXAiOiJKV1QiLCJhbGciOiJIUzI1NiJ9.eyJpc3MiOiJhanVmcmVzaEBnbWFpbC5jb20iLCJpYXQiOjE3NzU2MjcxNzQsImV4cCI6MTc3NTYzNDM3NCwic3ViIjoidGVzdDM2QHRlc3QuY29tIiwiaWQiOjM4LCJyb2xlIjoiVVNFUiJ9.QbT4Ab_um7rVbb5e-H9g3DgTaXSlHY7Oe9sQahfNdoI,1,pay-perf-036,CARD
test37@test.com,39,eyJ0eXAiOiJKV1QiLCJhbGciOiJIUzI1NiJ9.eyJpc3MiOiJhanVmcmVzaEBnbWFpbC5jb20iLCJpYXQiOjE3NzU2MjcxNzQsImV4cCI6MTc3NTYzNDM3NCwic3ViIjoidGVzdDM3QHRlc3QuY29tIiwiaWQiOjM5LCJyb2xlIjoiVVNFUiJ9.sVpio48qRx1yZbgs3XVAS75J5ytz8-M_HaErln2J6JE,1,pay-perf-037,CARD
test38@test.com,40,eyJ0eXAiOiJKV1QiLCJhbGciOiJIUzI1NiJ9.eyJpc3MiOiJhanVmcmVzaEBnbWFpbC5jb20iLCJpYXQiOjE3NzU2MjcxNzQsImV4cCI6MTc3NTYzNDM3NCwic3ViIjoidGVzdDM4QHRlc3QuY29tIiwiaWQiOjQwLCJyb2xlIjoiVVNFUiJ9.k1gqXuF__UVTzg7oYy4n4FyPT-yo-LmHvX1WLxjVclQ,1,pay-perf-038,CARD
test39@test.com,41,eyJ0eXAiOiJKV1QiLCJhbGciOiJIUzI1NiJ9.eyJpc3MiOiJhanVmcmVzaEBnbWFpbC5jb20iLCJpYXQiOjE3NzU2MjcxNzQsImV4cCI6MTc3NTYzNDM3NCwic3ViIjoidGVzdDM5QHRlc3QuY29tIiwiaWQiOjQxLCJyb2xlIjoiVVNFUiJ9.iYUvKwghOENeDEX-TxqH2GJCEFyLkktIqTeUlTmc8dI,1,pay-perf-039,CARD
test40@test.com,42,eyJ0eXAiOiJKV1QiLCJhbGciOiJIUzI1NiJ9.eyJpc3MiOiJhanVmcmVzaEBnbWFpbC5jb20iLCJpYXQiOjE3NzU2MjcxNzQsImV4cCI6MTc3NTYzNDM3NCwic3ViIjoidGVzdDQwQHRlc3QuY29tIiwiaWQiOjQyLCJyb2xlIjoiVVNFUiJ9.o8JqsqlgzEihhQsYxMgHE64ZnJwtCitSl79sEEkfW6g,1,pay-perf-040,CARD
test41@test.com,43,eyJ0eXAiOiJKV1QiLCJhbGciOiJIUzI1NiJ9.eyJpc3MiOiJhanVmcmVzaEBnbWFpbC5jb20iLCJpYXQiOjE3NzU2MjcxNzQsImV4cCI6MTc3NTYzNDM3NCwic3ViIjoidGVzdDQxQHRlc3QuY29tIiwiaWQiOjQzLCJyb2xlIjoiVVNFUiJ9.ff4CM0-CJnV0554-YQjxg9iSD_V1IBvXfVTwObrYF0Y,1,pay-perf-041,CARD
test42@test.com,44,eyJ0eXAiOiJKV1QiLCJhbGciOiJIUzI1NiJ9.eyJpc3MiOiJhanVmcmVzaEBnbWFpbC5jb20iLCJpYXQiOjE3NzU2MjcxNzQsImV4cCI6MTc3NTYzNDM3NCwic3ViIjoidGVzdDQyQHRlc3QuY29tIiwiaWQiOjQ0LCJyb2xlIjoiVVNFUiJ9.alfxM0DPLpT2MuWgnIBGDT9xhpLYK899YSESK_QGRZo,1,pay-perf-042,CARD
test43@test.com,45,eyJ0eXAiOiJKV1QiLCJhbGciOiJIUzI1NiJ9.eyJpc3MiOiJhanVmcmVzaEBnbWFpbC5jb20iLCJpYXQiOjE3NzU2MjcxNzQsImV4cCI6MTc3NTYzNDM3NCwic3ViIjoidGVzdDQzQHRlc3QuY29tIiwiaWQiOjQ1LCJyb2xlIjoiVVNFUiJ9.HmEKyEYLb_8R77seFsuxEYT9K6b4eTjz5lQbKc_Nv_0,1,pay-perf-043,CARD
test44@test.com,46,eyJ0eXAiOiJKV1QiLCJhbGciOiJIUzI1NiJ9.eyJpc3MiOiJhanVmcmVzaEBnbWFpbC5jb20iLCJpYXQiOjE3NzU2MjcxNzQsImV4cCI6MTc3NTYzNDM3NCwic3ViIjoidGVzdDQ0QHRlc3QuY29tIiwiaWQiOjQ2LCJyb2xlIjoiVVNFUiJ9.EKZ2CYMkqXAuyRcQGQ9PUyikQ-1_5v70iutbxnnjq4c,1,pay-perf-044,CARD
test45@test.com,47,eyJ0eXAiOiJKV1QiLCJhbGciOiJIUzI1NiJ9.eyJpc3MiOiJhanVmcmVzaEBnbWFpbC5jb20iLCJpYXQiOjE3NzU2MjcxNzQsImV4cCI6MTc3NTYzNDM3NCwic3ViIjoidGVzdDQ1QHRlc3QuY29tIiwiaWQiOjQ3LCJyb2xlIjoiVVNFUiJ9.K9fJM2aLNvfNO5xUNlFnkaVL5vTmZcE4io4m5jzzhFw,1,pay-perf-045,CARD
test46@test.com,48,eyJ0eXAiOiJKV1QiLCJhbGciOiJIUzI1NiJ9.eyJpc3MiOiJhanVmcmVzaEBnbWFpbC5jb20iLCJpYXQiOjE3NzU2MjcxNzQsImV4cCI6MTc3NTYzNDM3NCwic3ViIjoidGVzdDQ2QHRlc3QuY29tIiwiaWQiOjQ4LCJyb2xlIjoiVVNFUiJ9.fDJaGJ2f_iik_wfdEn7P5Xz6_OWJe59lr3U4fcW4crA,1,pay-perf-046,CARD
test47@test.com,49,eyJ0eXAiOiJKV1QiLCJhbGciOiJIUzI1NiJ9.eyJpc3MiOiJhanVmcmVzaEBnbWFpbC5jb20iLCJpYXQiOjE3NzU2MjcxNzQsImV4cCI6MTc3NTYzNDM3NCwic3ViIjoidGVzdDQ3QHRlc3QuY29tIiwiaWQiOjQ5LCJyb2xlIjoiVVNFUiJ9.Pm86bJcyjx78xk0gKljcEVLPfkyObPAZ78wVdfC-Uz4,1,pay-perf-047,CARD
test48@test.com,50,eyJ0eXAiOiJKV1QiLCJhbGciOiJIUzI1NiJ9.eyJpc3MiOiJhanVmcmVzaEBnbWFpbC5jb20iLCJpYXQiOjE3NzU2MjcxNzQsImV4cCI6MTc3NTYzNDM3NCwic3ViIjoidGVzdDQ4QHRlc3QuY29tIiwiaWQiOjUwLCJyb2xlIjoiVVNFUiJ9.2DKyJFKsuFqK7-GZdHGFvU4YK--NuH1enfrfDwSbJdM,1,pay-perf-048,CARD
test49@test.com,51,eyJ0eXAiOiJKV1QiLCJhbGciOiJIUzI1NiJ9.eyJpc3MiOiJhanVmcmVzaEBnbWFpbC5jb20iLCJpYXQiOjE3NzU2MjcxNzQsImV4cCI6MTc3NTYzNDM3NCwic3ViIjoidGVzdDQ5QHRlc3QuY29tIiwiaWQiOjUxLCJyb2xlIjoiVVNFUiJ9.KDvR6_9O8KKK4lr9JzDpMSLGAwE0BIiT4yrvFUlCHKw,1,pay-perf-049,CARD
test50@test.com,52,eyJ0eXAiOiJKV1QiLCJhbGciOiJIUzI1NiJ9.eyJpc3MiOiJhanVmcmVzaEBnbWFpbC5jb20iLCJpYXQiOjE3NzU2MjcxNzQsImV4cCI6MTc3NTYzNDM3NCwic3ViIjoidGVzdDUwQHRlc3QuY29tIiwiaWQiOjUyLCJyb2xlIjoiVVNFUiJ9.YmhNkI9weRfip6WxyWTRvo0wBPt3f5V-UUXFDT1XB9s,1,pay-perf-050,CARD
test51@test.com,53,eyJ0eXAiOiJKV1QiLCJhbGciOiJIUzI1NiJ9.eyJpc3MiOiJhanVmcmVzaEBnbWFpbC5jb20iLCJpYXQiOjE3NzU2MjcxNzQsImV4cCI6MTc3NTYzNDM3NCwic3ViIjoidGVzdDUxQHRlc3QuY29tIiwiaWQiOjUzLCJyb2xlIjoiVVNFUiJ9.jIhwx04qbXCg-iyAjlIkoaS1tcmUDioTgw97F4QBNDI,1,pay-perf-051,CARD
test52@test.com,54,eyJ0eXAiOiJKV1QiLCJhbGciOiJIUzI1NiJ9.eyJpc3MiOiJhanVmcmVzaEBnbWFpbC5jb20iLCJpYXQiOjE3NzU2MjcxNzQsImV4cCI6MTc3NTYzNDM3NCwic3ViIjoidGVzdDUyQHRlc3QuY29tIiwiaWQiOjU0LCJyb2xlIjoiVVNFUiJ9.7HUUdNtdrUEFbknpI92Qkyj8VpBV1ERYwI7tZYAqa64,1,pay-perf-052,CARD
test53@test.com,55,eyJ0eXAiOiJKV1QiLCJhbGciOiJIUzI1NiJ9.eyJpc3MiOiJhanVmcmVzaEBnbWFpbC5jb20iLCJpYXQiOjE3NzU2MjcxNzQsImV4cCI6MTc3NTYzNDM3NCwic3ViIjoidGVzdDUzQHRlc3QuY29tIiwiaWQiOjU1LCJyb2xlIjoiVVNFUiJ9.D-vz2Flg5zCVfC3OY5m7SGbDyjCK4pmML3x_Vwix_LY,1,pay-perf-053,CARD
test54@test.com,56,eyJ0eXAiOiJKV1QiLCJhbGciOiJIUzI1NiJ9.eyJpc3MiOiJhanVmcmVzaEBnbWFpbC5jb20iLCJpYXQiOjE3NzU2MjcxNzQsImV4cCI6MTc3NTYzNDM3NCwic3ViIjoidGVzdDU0QHRlc3QuY29tIiwiaWQiOjU2LCJyb2xlIjoiVVNFUiJ9.pjxwY90CSm1gknGFUNQVX-F5m9wLNKpRhYybI-dGPs0,1,pay-perf-054,CARD
test55@test.com,57,eyJ0eXAiOiJKV1QiLCJhbGciOiJIUzI1NiJ9.eyJpc3MiOiJhanVmcmVzaEBnbWFpbC5jb20iLCJpYXQiOjE3NzU2MjcxNzQsImV4cCI6MTc3NTYzNDM3NCwic3ViIjoidGVzdDU1QHRlc3QuY29tIiwiaWQiOjU3LCJyb2xlIjoiVVNFUiJ9.OYek5T2xC0XI5zlWHZvZFhXHsrD4OdYYqqUBEIRyBac,1,pay-perf-055,CARD
test56@test.com,58,eyJ0eXAiOiJKV1QiLCJhbGciOiJIUzI1NiJ9.eyJpc3MiOiJhanVmcmVzaEBnbWFpbC5jb20iLCJpYXQiOjE3NzU2MjcxNzQsImV4cCI6MTc3NTYzNDM3NCwic3ViIjoidGVzdDU2QHRlc3QuY29tIiwiaWQiOjU4LCJyb2xlIjoiVVNFUiJ9.AB4y1HqUbqWl3cuHIdu0vkvCFMx3eQbSw6ZLC7ch1oo,1,pay-perf-056,CARD
test57@test.com,59,eyJ0eXAiOiJKV1QiLCJhbGciOiJIUzI1NiJ9.eyJpc3MiOiJhanVmcmVzaEBnbWFpbC5jb20iLCJpYXQiOjE3NzU2MjcxNzQsImV4cCI6MTc3NTYzNDM3NCwic3ViIjoidGVzdDU3QHRlc3QuY29tIiwiaWQiOjU5LCJyb2xlIjoiVVNFUiJ9.qyBpHdOlx0SRwyZbNrNlQkzP7h0lnbogVPB9v91uwVo,1,pay-perf-057,CARD
test58@test.com,60,eyJ0eXAiOiJKV1QiLCJhbGciOiJIUzI1NiJ9.eyJpc3MiOiJhanVmcmVzaEBnbWFpbC5jb20iLCJpYXQiOjE3NzU2MjcxNzQsImV4cCI6MTc3NTYzNDM3NCwic3ViIjoidGVzdDU4QHRlc3QuY29tIiwiaWQiOjYwLCJyb2xlIjoiVVNFUiJ9.eqdNgzqOv_2VxnAnCvV2mv47kik_n9USX5OvZDTRGv4,1,pay-perf-058,CARD
test59@test.com,61,eyJ0eXAiOiJKV1QiLCJhbGciOiJIUzI1NiJ9.eyJpc3MiOiJhanVmcmVzaEBnbWFpbC5jb20iLCJpYXQiOjE3NzU2MjcxNzQsImV4cCI6MTc3NTYzNDM3NCwic3ViIjoidGVzdDU5QHRlc3QuY29tIiwiaWQiOjYxLCJyb2xlIjoiVVNFUiJ9.-ZzZ0flgNLAEnuofI9W4GUj8NCiT7JU3-IuYNzQ-vv8,1,pay-perf-059,CARD
test60@test.com,62,eyJ0eXAiOiJKV1QiLCJhbGciOiJIUzI1NiJ9.eyJpc3MiOiJhanVmcmVzaEBnbWFpbC5jb20iLCJpYXQiOjE3NzU2MjcxNzQsImV4cCI6MTc3NTYzNDM3NCwic3ViIjoidGVzdDYwQHRlc3QuY29tIiwiaWQiOjYyLCJyb2xlIjoiVVNFUiJ9.o579sg1ZeCQRB_VTFpWR9ibUErVb8_5WhUcBDQygo8M,1,pay-perf-060,CARD
test61@test.com,63,eyJ0eXAiOiJKV1QiLCJhbGciOiJIUzI1NiJ9.eyJpc3MiOiJhanVmcmVzaEBnbWFpbC5jb20iLCJpYXQiOjE3NzU2MjcxNzQsImV4cCI6MTc3NTYzNDM3NCwic3ViIjoidGVzdDYxQHRlc3QuY29tIiwiaWQiOjYzLCJyb2xlIjoiVVNFUiJ9.5j1bYa6orEb2-LLViCWdQI-IcgCoZb2TuneGBl3z8Eo,1,pay-perf-061,CARD
test62@test.com,64,eyJ0eXAiOiJKV1QiLCJhbGciOiJIUzI1NiJ9.eyJpc3MiOiJhanVmcmVzaEBnbWFpbC5jb20iLCJpYXQiOjE3NzU2MjcxNzQsImV4cCI6MTc3NTYzNDM3NCwic3ViIjoidGVzdDYyQHRlc3QuY29tIiwiaWQiOjY0LCJyb2xlIjoiVVNFUiJ9.1TfC525cLsB-R9KBh9jf_HyVboABOpb5wgtDxqvoq_0,1,pay-perf-062,CARD
test63@test.com,65,eyJ0eXAiOiJKV1QiLCJhbGciOiJIUzI1NiJ9.eyJpc3MiOiJhanVmcmVzaEBnbWFpbC5jb20iLCJpYXQiOjE3NzU2MjcxNzQsImV4cCI6MTc3NTYzNDM3NCwic3ViIjoidGVzdDYzQHRlc3QuY29tIiwiaWQiOjY1LCJyb2xlIjoiVVNFUiJ9.sGr8MbjvuLUaU5swZcfYRJYrYN2lASJiy5Aoarva_RY,1,pay-perf-063,CARD
test64@test.com,66,eyJ0eXAiOiJKV1QiLCJhbGciOiJIUzI1NiJ9.eyJpc3MiOiJhanVmcmVzaEBnbWFpbC5jb20iLCJpYXQiOjE3NzU2MjcxNzQsImV4cCI6MTc3NTYzNDM3NCwic3ViIjoidGVzdDY0QHRlc3QuY29tIiwiaWQiOjY2LCJyb2xlIjoiVVNFUiJ9.UJgVmUSUfc_PjZZCEy7XWoPX1FeRFIh6zZ_kHvWHMtA,1,pay-perf-064,CARD
test65@test.com,67,eyJ0eXAiOiJKV1QiLCJhbGciOiJIUzI1NiJ9.eyJpc3MiOiJhanVmcmVzaEBnbWFpbC5jb20iLCJpYXQiOjE3NzU2MjcxNzQsImV4cCI6MTc3NTYzNDM3NCwic3ViIjoidGVzdDY1QHRlc3QuY29tIiwiaWQiOjY3LCJyb2xlIjoiVVNFUiJ9.icWttyWq6RsiDMy7I70wispzUCGaFEtPV8k3oaklh30,1,pay-perf-065,CARD
test66@test.com,68,eyJ0eXAiOiJKV1QiLCJhbGciOiJIUzI1NiJ9.eyJpc3MiOiJhanVmcmVzaEBnbWFpbC5jb20iLCJpYXQiOjE3NzU2MjcxNzQsImV4cCI6MTc3NTYzNDM3NCwic3ViIjoidGVzdDY2QHRlc3QuY29tIiwiaWQiOjY4LCJyb2xlIjoiVVNFUiJ9.EdBXGVFzqzXPp3mUMLxYUnHSRhg8FuaMmK3_1sjv0Qc,1,pay-perf-066,CARD
test67@test.com,69,eyJ0eXAiOiJKV1QiLCJhbGciOiJIUzI1NiJ9.eyJpc3MiOiJhanVmcmVzaEBnbWFpbC5jb20iLCJpYXQiOjE3NzU2MjcxNzQsImV4cCI6MTc3NTYzNDM3NCwic3ViIjoidGVzdDY3QHRlc3QuY29tIiwiaWQiOjY5LCJyb2xlIjoiVVNFUiJ9.4KwCf46AI9un3J3uo4AmP9bzBabnq8MNRHhIsIcH4Gg,1,pay-perf-067,CARD
test68@test.com,70,eyJ0eXAiOiJKV1QiLCJhbGciOiJIUzI1NiJ9.eyJpc3MiOiJhanVmcmVzaEBnbWFpbC5jb20iLCJpYXQiOjE3NzU2MjcxNzQsImV4cCI6MTc3NTYzNDM3NCwic3ViIjoidGVzdDY4QHRlc3QuY29tIiwiaWQiOjcwLCJyb2xlIjoiVVNFUiJ9.wLgozSSp1q9q-qZzzfij9zl17n9V0fY__SqD4QRD4h8,1,pay-perf-068,CARD
test69@test.com,71,eyJ0eXAiOiJKV1QiLCJhbGciOiJIUzI1NiJ9.eyJpc3MiOiJhanVmcmVzaEBnbWFpbC5jb20iLCJpYXQiOjE3NzU2MjcxNzQsImV4cCI6MTc3NTYzNDM3NCwic3ViIjoidGVzdDY5QHRlc3QuY29tIiwiaWQiOjcxLCJyb2xlIjoiVVNFUiJ9.fetZ6Yf--tigOzNFDeudhjt0VmWTM8Gjc7P83qBE0QQ,1,pay-perf-069,CARD
test70@test.com,72,eyJ0eXAiOiJKV1QiLCJhbGciOiJIUzI1NiJ9.eyJpc3MiOiJhanVmcmVzaEBnbWFpbC5jb20iLCJpYXQiOjE3NzU2MjcxNzQsImV4cCI6MTc3NTYzNDM3NCwic3ViIjoidGVzdDcwQHRlc3QuY29tIiwiaWQiOjcyLCJyb2xlIjoiVVNFUiJ9.YKx7liDyiIGY03P0fofcuJwX9SDsxSLPkW24c9VjkJI,1,pay-perf-070,CARD
test71@test.com,73,eyJ0eXAiOiJKV1QiLCJhbGciOiJIUzI1NiJ9.eyJpc3MiOiJhanVmcmVzaEBnbWFpbC5jb20iLCJpYXQiOjE3NzU2MjcxNzQsImV4cCI6MTc3NTYzNDM3NCwic3ViIjoidGVzdDcxQHRlc3QuY29tIiwiaWQiOjczLCJyb2xlIjoiVVNFUiJ9.ffZFKRjJPSU5lRdZgdienama3cYHKwtI2v7z1s64toc,1,pay-perf-071,CARD
test72@test.com,74,eyJ0eXAiOiJKV1QiLCJhbGciOiJIUzI1NiJ9.eyJpc3MiOiJhanVmcmVzaEBnbWFpbC5jb20iLCJpYXQiOjE3NzU2MjcxNzQsImV4cCI6MTc3NTYzNDM3NCwic3ViIjoidGVzdDcyQHRlc3QuY29tIiwiaWQiOjc0LCJyb2xlIjoiVVNFUiJ9.Vvo5gXLWmJl1m8USFNJw7Rr0bZPkkesgN6C6F4jqr0Q,1,pay-perf-072,CARD
test73@test.com,75,eyJ0eXAiOiJKV1QiLCJhbGciOiJIUzI1NiJ9.eyJpc3MiOiJhanVmcmVzaEBnbWFpbC5jb20iLCJpYXQiOjE3NzU2MjcxNzQsImV4cCI6MTc3NTYzNDM3NCwic3ViIjoidGVzdDczQHRlc3QuY29tIiwiaWQiOjc1LCJyb2xlIjoiVVNFUiJ9.tYIMJ1wwHBJdz3d3baQPQ7RXny5eoGgjb0tI1CPwlcc,1,pay-perf-073,CARD
test74@test.com,76,eyJ0eXAiOiJKV1QiLCJhbGciOiJIUzI1NiJ9.eyJpc3MiOiJhanVmcmVzaEBnbWFpbC5jb20iLCJpYXQiOjE3NzU2MjcxNzQsImV4cCI6MTc3NTYzNDM3NCwic3ViIjoidGVzdDc0QHRlc3QuY29tIiwiaWQiOjc2LCJyb2xlIjoiVVNFUiJ9.nehnW7KHSFIqXom_F5TQdjdjWO8qk427PSw2mNnmVcY,1,pay-perf-074,CARD
test75@test.com,77,eyJ0eXAiOiJKV1QiLCJhbGciOiJIUzI1NiJ9.eyJpc3MiOiJhanVmcmVzaEBnbWFpbC5jb20iLCJpYXQiOjE3NzU2MjcxNzQsImV4cCI6MTc3NTYzNDM3NCwic3ViIjoidGVzdDc1QHRlc3QuY29tIiwiaWQiOjc3LCJyb2xlIjoiVVNFUiJ9.LKkDJBmwQlOsKAkPvnUzbB0jO4_JIklyh1kdkD95Eb8,1,pay-perf-075,CARD
test76@test.com,78,eyJ0eXAiOiJKV1QiLCJhbGciOiJIUzI1NiJ9.eyJpc3MiOiJhanVmcmVzaEBnbWFpbC5jb20iLCJpYXQiOjE3NzU2MjcxNzQsImV4cCI6MTc3NTYzNDM3NCwic3ViIjoidGVzdDc2QHRlc3QuY29tIiwiaWQiOjc4LCJyb2xlIjoiVVNFUiJ9.RaKDzK0spWffRHo9lDOh-7Lmrj73N193FF3NUcXUvpM,1,pay-perf-076,CARD
test77@test.com,79,eyJ0eXAiOiJKV1QiLCJhbGciOiJIUzI1NiJ9.eyJpc3MiOiJhanVmcmVzaEBnbWFpbC5jb20iLCJpYXQiOjE3NzU2MjcxNzQsImV4cCI6MTc3NTYzNDM3NCwic3ViIjoidGVzdDc3QHRlc3QuY29tIiwiaWQiOjc5LCJyb2xlIjoiVVNFUiJ9.xxXd-qiKxz2CS3cqlyRJYZ9UOMou9z-GkInmHbx4IEM,1,pay-perf-077,CARD
test78@test.com,80,eyJ0eXAiOiJKV1QiLCJhbGciOiJIUzI1NiJ9.eyJpc3MiOiJhanVmcmVzaEBnbWFpbC5jb20iLCJpYXQiOjE3NzU2MjcxNzQsImV4cCI6MTc3NTYzNDM3NCwic3ViIjoidGVzdDc4QHRlc3QuY29tIiwiaWQiOjgwLCJyb2xlIjoiVVNFUiJ9.CBq8YODEZ3b_7wKLxHpRJ6d_BvwFQFRk8mwPnuoyuWI,1,pay-perf-078,CARD
test79@test.com,81,eyJ0eXAiOiJKV1QiLCJhbGciOiJIUzI1NiJ9.eyJpc3MiOiJhanVmcmVzaEBnbWFpbC5jb20iLCJpYXQiOjE3NzU2MjcxNzQsImV4cCI6MTc3NTYzNDM3NCwic3ViIjoidGVzdDc5QHRlc3QuY29tIiwiaWQiOjgxLCJyb2xlIjoiVVNFUiJ9.bRRlgHy9BOpREwuyNLZpA3WOnoryw2zmfRr_X9Zryz0,1,pay-perf-079,CARD
test80@test.com,82,eyJ0eXAiOiJKV1QiLCJhbGciOiJIUzI1NiJ9.eyJpc3MiOiJhanVmcmVzaEBnbWFpbC5jb20iLCJpYXQiOjE3NzU2MjcxNzQsImV4cCI6MTc3NTYzNDM3NCwic3ViIjoidGVzdDgwQHRlc3QuY29tIiwiaWQiOjgyLCJyb2xlIjoiVVNFUiJ9.ik7EFcVIdCxbGR9tJuW7zOFWWoryxs3eX-4DFAfUtS4,1,pay-perf-080,CARD
test81@test.com,83,eyJ0eXAiOiJKV1QiLCJhbGciOiJIUzI1NiJ9.eyJpc3MiOiJhanVmcmVzaEBnbWFpbC5jb20iLCJpYXQiOjE3NzU2MjcxNzQsImV4cCI6MTc3NTYzNDM3NCwic3ViIjoidGVzdDgxQHRlc3QuY29tIiwiaWQiOjgzLCJyb2xlIjoiVVNFUiJ9.GxvQRNFShK3lDtkdlphyzzy0VZhpLsNUpooZaUq4fjc,1,pay-perf-081,CARD
test82@test.com,84,eyJ0eXAiOiJKV1QiLCJhbGciOiJIUzI1NiJ9.eyJpc3MiOiJhanVmcmVzaEBnbWFpbC5jb20iLCJpYXQiOjE3NzU2MjcxNzQsImV4cCI6MTc3NTYzNDM3NCwic3ViIjoidGVzdDgyQHRlc3QuY29tIiwiaWQiOjg0LCJyb2xlIjoiVVNFUiJ9.yQafIFRNao33cbjWLZIHhV4XzZBU8bnUEStfFQ9iTJY,1,pay-perf-082,CARD
test83@test.com,85,eyJ0eXAiOiJKV1QiLCJhbGciOiJIUzI1NiJ9.eyJpc3MiOiJhanVmcmVzaEBnbWFpbC5jb20iLCJpYXQiOjE3NzU2MjcxNzQsImV4cCI6MTc3NTYzNDM3NCwic3ViIjoidGVzdDgzQHRlc3QuY29tIiwiaWQiOjg1LCJyb2xlIjoiVVNFUiJ9.ZrW9pRMCr2ey_CQxKkzaC1tU5mYRqXaqfcLS4teOeBw,1,pay-perf-083,CARD
test84@test.com,86,eyJ0eXAiOiJKV1QiLCJhbGciOiJIUzI1NiJ9.eyJpc3MiOiJhanVmcmVzaEBnbWFpbC5jb20iLCJpYXQiOjE3NzU2MjcxNzQsImV4cCI6MTc3NTYzNDM3NCwic3ViIjoidGVzdDg0QHRlc3QuY29tIiwiaWQiOjg2LCJyb2xlIjoiVVNFUiJ9.FXZqP3Cy8nwKqr9hC8NMrAjjKR3hVC3AoHXIKLrZKF4,1,pay-perf-084,CARD
test85@test.com,87,eyJ0eXAiOiJKV1QiLCJhbGciOiJIUzI1NiJ9.eyJpc3MiOiJhanVmcmVzaEBnbWFpbC5jb20iLCJpYXQiOjE3NzU2MjcxNzQsImV4cCI6MTc3NTYzNDM3NCwic3ViIjoidGVzdDg1QHRlc3QuY29tIiwiaWQiOjg3LCJyb2xlIjoiVVNFUiJ9.lTTYYOuD9_3s4zg-KWd-9Gu-HPkHlLrxpLDHwzRfirc,1,pay-perf-085,CARD
test86@test.com,88,eyJ0eXAiOiJKV1QiLCJhbGciOiJIUzI1NiJ9.eyJpc3MiOiJhanVmcmVzaEBnbWFpbC5jb20iLCJpYXQiOjE3NzU2MjcxNzQsImV4cCI6MTc3NTYzNDM3NCwic3ViIjoidGVzdDg2QHRlc3QuY29tIiwiaWQiOjg4LCJyb2xlIjoiVVNFUiJ9.qcF4Smn1SwQazOS9nVqdG2dz5MIdOGIMl5Fca9zGggM,1,pay-perf-086,CARD
test87@test.com,89,eyJ0eXAiOiJKV1QiLCJhbGciOiJIUzI1NiJ9.eyJpc3MiOiJhanVmcmVzaEBnbWFpbC5jb20iLCJpYXQiOjE3NzU2MjcxNzQsImV4cCI6MTc3NTYzNDM3NCwic3ViIjoidGVzdDg3QHRlc3QuY29tIiwiaWQiOjg5LCJyb2xlIjoiVVNFUiJ9.fx6UpJfM0fV8zEdME9pBUsqQ6AHy4DSdVO1Mm2oYY6c,1,pay-perf-087,CARD
test88@test.com,90,eyJ0eXAiOiJKV1QiLCJhbGciOiJIUzI1NiJ9.eyJpc3MiOiJhanVmcmVzaEBnbWFpbC5jb20iLCJpYXQiOjE3NzU2MjcxNzQsImV4cCI6MTc3NTYzNDM3NCwic3ViIjoidGVzdDg4QHRlc3QuY29tIiwiaWQiOjkwLCJyb2xlIjoiVVNFUiJ9.Z_QmN23u57clYvJoHL4H2VmkYjKL20nmOH_Oqilvd1k,1,pay-perf-088,CARD
test89@test.com,91,eyJ0eXAiOiJKV1QiLCJhbGciOiJIUzI1NiJ9.eyJpc3MiOiJhanVmcmVzaEBnbWFpbC5jb20iLCJpYXQiOjE3NzU2MjcxNzQsImV4cCI6MTc3NTYzNDM3NCwic3ViIjoidGVzdDg5QHRlc3QuY29tIiwiaWQiOjkxLCJyb2xlIjoiVVNFUiJ9.nLoPA_aBgUnceeaJBxHUb3PSC-QIMUimS8z1zrd9FZA,1,pay-perf-089,CARD
test90@test.com,92,eyJ0eXAiOiJKV1QiLCJhbGciOiJIUzI1NiJ9.eyJpc3MiOiJhanVmcmVzaEBnbWFpbC5jb20iLCJpYXQiOjE3NzU2MjcxNzQsImV4cCI6MTc3NTYzNDM3NCwic3ViIjoidGVzdDkwQHRlc3QuY29tIiwiaWQiOjkyLCJyb2xlIjoiVVNFUiJ9.KOfCLD1VtKeHISBd8JljWuoLUucZp_buBBnGuf9_n1g,1,pay-perf-090,CARD
test91@test.com,93,eyJ0eXAiOiJKV1QiLCJhbGciOiJIUzI1NiJ9.eyJpc3MiOiJhanVmcmVzaEBnbWFpbC5jb20iLCJpYXQiOjE3NzU2MjcxNzQsImV4cCI6MTc3NTYzNDM3NCwic3ViIjoidGVzdDkxQHRlc3QuY29tIiwiaWQiOjkzLCJyb2xlIjoiVVNFUiJ9.IkgVv-Hx-TX4N0hHTT5-9MS4L6gXqE25WMlObPALqvQ,1,pay-perf-091,CARD
test92@test.com,94,eyJ0eXAiOiJKV1QiLCJhbGciOiJIUzI1NiJ9.eyJpc3MiOiJhanVmcmVzaEBnbWFpbC5jb20iLCJpYXQiOjE3NzU2MjcxNzQsImV4cCI6MTc3NTYzNDM3NCwic3ViIjoidGVzdDkyQHRlc3QuY29tIiwiaWQiOjk0LCJyb2xlIjoiVVNFUiJ9.qEiWY9qfp-aEL6lEIjHoI1ag2w67u-rprXg8rErPBIo,1,pay-perf-092,CARD
test93@test.com,95,eyJ0eXAiOiJKV1QiLCJhbGciOiJIUzI1NiJ9.eyJpc3MiOiJhanVmcmVzaEBnbWFpbC5jb20iLCJpYXQiOjE3NzU2MjcxNzQsImV4cCI6MTc3NTYzNDM3NCwic3ViIjoidGVzdDkzQHRlc3QuY29tIiwiaWQiOjk1LCJyb2xlIjoiVVNFUiJ9.KSU8Yt1zdcSNfY7t0Giv-_taCCU6rsJqHWN4NpDfGLs,1,pay-perf-093,CARD
test94@test.com,96,eyJ0eXAiOiJKV1QiLCJhbGciOiJIUzI1NiJ9.eyJpc3MiOiJhanVmcmVzaEBnbWFpbC5jb20iLCJpYXQiOjE3NzU2MjcxNzQsImV4cCI6MTc3NTYzNDM3NCwic3ViIjoidGVzdDk0QHRlc3QuY29tIiwiaWQiOjk2LCJyb2xlIjoiVVNFUiJ9.ghD6skIeP3HX3L69-3OoT-vk3uIIvfxqAa6sghAVFqo,1,pay-perf-094,CARD
test95@test.com,97,eyJ0eXAiOiJKV1QiLCJhbGciOiJIUzI1NiJ9.eyJpc3MiOiJhanVmcmVzaEBnbWFpbC5jb20iLCJpYXQiOjE3NzU2MjcxNzQsImV4cCI6MTc3NTYzNDM3NCwic3ViIjoidGVzdDk1QHRlc3QuY29tIiwiaWQiOjk3LCJyb2xlIjoiVVNFUiJ9.nlnyD2bLVFIpuPKJjFCzH7duwQUpqApGIkdgJn_WjU0,1,pay-perf-095,CARD
test96@test.com,98,eyJ0eXAiOiJKV1QiLCJhbGciOiJIUzI1NiJ9.eyJpc3MiOiJhanVmcmVzaEBnbWFpbC5jb20iLCJpYXQiOjE3NzU2MjcxNzQsImV4cCI6MTc3NTYzNDM3NCwic3ViIjoidGVzdDk2QHRlc3QuY29tIiwiaWQiOjk4LCJyb2xlIjoiVVNFUiJ9.tjFJvtX-n7hmF5uLRe_CCKI4c1Tj-acqMaOAOKyQjwg,1,pay-perf-096,CARD
test97@test.com,99,eyJ0eXAiOiJKV1QiLCJhbGciOiJIUzI1NiJ9.eyJpc3MiOiJhanVmcmVzaEBnbWFpbC5jb20iLCJpYXQiOjE3NzU2MjcxNzQsImV4cCI6MTc3NTYzNDM3NCwic3ViIjoidGVzdDk3QHRlc3QuY29tIiwiaWQiOjk5LCJyb2xlIjoiVVNFUiJ9.GyxH-kiaWOZkyff37PRL9GyUkDMME-IO6oMuSMHmPVM,1,pay-perf-097,CARD
test98@test.com,100,eyJ0eXAiOiJKV1QiLCJhbGciOiJIUzI1NiJ9.eyJpc3MiOiJhanVmcmVzaEBnbWFpbC5jb20iLCJpYXQiOjE3NzU2MjcxNzQsImV4cCI6MTc3NTYzNDM3NCwic3ViIjoidGVzdDk4QHRlc3QuY29tIiwiaWQiOjEwMCwicm9sZSI6IlVTRVIifQ.LRalXfRWg-KDTuuyAQqX_BIxBt3nvuEOPAkX3WWAdPQ,1,pay-perf-098,CARD
test99@test.com,101,eyJ0eXAiOiJKV1QiLCJhbGciOiJIUzI1NiJ9.eyJpc3MiOiJhanVmcmVzaEBnbWFpbC5jb20iLCJpYXQiOjE3NzU2MjcxNzQsImV4cCI6MTc3NTYzNDM3NCwic3ViIjoidGVzdDk5QHRlc3QuY29tIiwiaWQiOjEwMSwicm9sZSI6IlVTRVIifQ.OWuZzwG9TGdU_CAvEI5kl_UntgALYTrxU1zym8x_bmY,1,pay-perf-099,CARD
test100@test.com,102,eyJ0eXAiOiJKV1QiLCJhbGciOiJIUzI1NiJ9.eyJpc3MiOiJhanVmcmVzaEBnbWFpbC5jb20iLCJpYXQiOjE3NzU2MjcxNzQsImV4cCI6MTc3NTYzNDM3NCwic3ViIjoidGVzdDEwMEB0ZXN0LmNvbSIsImlkIjoxMDIsInJvbGUiOiJVU0VSIn0.VvbFIeWlww_KuffckHx7c83h2ostqW3VOKVqy3ROeRM,1,pay-perf-100,CARD
